first_name,second_name,goals_scored,assists,total_points,minutes,goals_conceded,creativity,influence,threat,bonus,bps,ict_index,clean_sheets,red_cards,yellow_cards,selected_by_percent,now_cost,element_type,value_per_m
David,Raya Martín,0,0,130,2880,24,33.4,460.2,0.0,6,523,49.4,15,0,1,32.8,60,GK,21.7
Kepa,Arrizabalaga Revuelta,0,0,0,0,0,0.0,0.0,0.0,0,0,0.0,0,0,0,0.4,40,GK,0.0
Karl,Hein,0,0,0,0,0,0.0,0.0,0.0,0,0,0.0,0,0,0,0.2,40,GK,0.0
Tommy,Setford,0,0,0,0,0,0.0,0.0,0.0,0,0,0.0,0,0,0,0.2,39,GK,0.0
Gabriel,dos Santos Magalhães,3,5,177,2255,17,109.0,702.8,220.0,25,605,103.0,14,0,3,41.4,72,DEF,24.6
William,Saliba,1,0,108,2164,18,167.2,450.2,76.0,9,460,69.3,11,0,1,13.5,61,DEF,17.7
Riccardo,Calafiori,1,2,93,1446,8,127.9,244.4,249.0,4,339,62.2,11,0,5,6.0,56,DEF,16.6
Jurriën,Timber,3,6,149,2452,20,402.6,499.0,352.0,9,532,125.7,13,0,5,22.4,62,DEF,24.0
Jakub,Kiwior,0,0,0,0,0,0.0,0.0,0.0,0,0,0.0,0,0,0,0.0,54,DEF,0.0
Myles,Lewis-Skelly,0,0,13,401,7,47.8,45.2,25.0,0,41,11.7,0,0,3,1.4,50,DEF,2.6
Benjamin,White,0,1,31,484,6,105.0,131.6,48.0,3,125,28.5,3,0,0,0.5,51,DEF,6.1
Brayden,Clarke,0,0,0,0,0,0.0,0.0,0.0,0,0,0.0,0,0,0,0.4,37,DEF,0.0
Maldini,Kacurri,0,0,0,0,0,0.0,0.0,0.0,0,0,0.0,0,0,0,0.1,39,DEF,0.0
Josh,Nichols,0,0,0,0,0,0.0,0.0,0.0,0,0,0.0,0,0,0,0.2,37,DEF,0.0
Bukayo,Saka,6,8,133,1995,16,725.9,538.8,762.0,14,497,202.9,10,0,1,7.4,98,MID,13.6
Martin,Ødegaard,1,6,62,1070,11,434.7,259.6,144.0,5,252,83.7,4,0,0,1.5,78,MID,7.9
Noni,Madueke,2,1,55,942,8,272.2,195.8,316.0,6,190,78.3,6,0,0,0.8,68,MID,8.1
Gabriel,Martinelli Silva,1,4,48,892,6,154.1,168.4,333.0,1,162,64.9,2,0,2,0.9,68,MID,7.1
Leandro,Trossard,5,5,100,1711,15,464.0,415.4,438.0,9,355,132.0,8,0,1,0.8,65,MID,15.4
Declan,Rice,4,9,167,2670,23,950.7,756.6,286.0,23,721,199.5,14,0,2,24.2,72,MID,23.2
Mikel,Merino Zazón,4,3,66,996,9,187.0,304.4,237.0,5,238,72.6,4,0,1,0.8,54,MID,12.2
Fábio,Ferreira Vieira,0,0,0,0,0,0.0,0.0,0.0,0,0,0.0,0,0,0,0.0,54,MID,0.0
Christian,Nørgaard,0,0,6,56,1,0.4,15.8,7.0,0,19,2.4,0,0,0,0.1,51,MID,1.2
Ethan,Nwaneri,0,0,8,165,0,22.5,8.6,24.0,0,20,5.4,1,0,0,0.1,50,MID,1.6
Martín,Zubimendi Ibáñez,5,1,119,2672,22,340.8,550.2,262.0,9,544,115.5,15,0,4,3.2,50,MID,23.8
Ismeal,Kabia,0,0,0,0,0,0.0,0.0,0.0,0,0,0.0,0,0,0,0.1,45,MID,0.0
Albert,Sambi Lokonga,0,0,0,0,0,0.0,0.0,0.0,0,0,0.0,0,0,0,0.0,45,MID,0.0
Kai,Havertz,0,1,13,314,1,48.9,38.2,63.0,0,52,15.1,3,0,0,0.5,73,FWD,1.8
Gabriel,Fernando de Jesus,2,0,18,318,6,36.4,107.0,228.0,0,73,36.9,0,0,2,0.3,64,FWD,2.8
Eberechi,Eze,6,3,95,1530,11,255.2,345.2,373.0,8,366,97.2,8,0,1,7.7,72,MID,13.2
Cristhian,Mosquera,0,0,29,681,5,51.9,156.8,10.0,1,152,21.9,2,0,2,0.2,53,DEF,5.5
Viktor,Gyökeres,12,0,106,1978,13,214.4,440.0,658.0,13,388,130.4,10,0,5,11.6,88,FWD,12.0
Max,Dowman,1,1,12,79,1,38.4,41.2,57.0,0,43,13.7,0,0,0,0.7,42,MID,2.9
Andre,Harriman-Annous,0,0,0,0,0,0.0,0.0,0.0,0,0,0.0,0,0,0,0.0,44,MID,0.0
Piero,Hincapié,1,2,74,1499,16,168.4,383.4,57.0,6,282,60.7,4,0,2,0.7,51,DEF,14.5
Marli,Salmon,0,0,0,0,0,0.0,0.0,0.0,0,0,0.0,0,0,0,0.0,40,DEF,0.0
Emiliano,Martínez Romero,0,0,105,2385,29,13.2,611.2,0.0,10,453,62.4,7,0,2,4.4,51,GK,20.6
Marco,Bizot,0,0,14,495,9,0.0,118.2,0.0,0,65,11.8,1,0,2,0.4,42,GK,3.3
Joe,Gauci,0,0,0,0,0,0.0,0.0,0.0,0,0,0.0,0,0,0,0.1,40,GK,0.0
Filip,Marschall,0,0,0,0,0,0.0,0.0,0.0,0,0,0.0,0,0,0,0.0,40,GK,0.0
Matty,Cash,3,2,107,2532,28,425.9,552.0,208.0,6,408,118.6,8,0,8,8.1,47,DEF,22.8
Lucas,Digne,0,5,87,1626,18,408.6,344.8,125.0,5,350,87.7,7,0,3,1.6,45,DEF,19.3
Ezri,Konsa Ngoyo,0,1,95,2675,36,104.0,542.8,120.0,3,461,77.2,9,1,0,7.8,44,DEF,21.6
Ian,Maatsen,0,0,41,1263,20,300.1,262.2,205.0,0,208,76.9,2,0,2,0.6,42,DEF,9.8
Tyrone,Mings,0,1,44,962,15,70.9,214.8,61.0,4,148,34.7,3,0,0,0.7,43,DEF,10.2
Pau,Torres,0,1,58,1476,16,42.1,282.2,55.0,2,261,38.2,5,0,0,0.3,43,DEF,13.5
Andrés,García,0,0,4,38,2,2.7,3.2,0.0,0,7,0.6,0,0,0,0.2,39,DEF,1.0
Álex,Moreno Lopera,0,0,0,0,0,0.0,0.0,0.0,0,0,0.0,0,0,0,1.6,40,DEF,0.0
Lamare,Bogarde,0,0,34,797,13,54.0,109.0,14.0,4,107,17.6,2,0,5,0.5,40,DEF,8.5
Lino,da Cruz Sousa,0,0,0,0,0,0.0,0.0,0.0,0,0,0.0,0,0,0,0.3,38,DEF,0.0
Yasin,Özcan,0,0,0,0,0,0.0,0.0,0.0,0,0,0.0,0,0,0,0.1,40,DEF,0.0
Morgan,Rogers,8,7,143,2830,38,614.5,627.2,776.0,13,506,201.7,9,0,6,21.9,74,MID,19.3
Youri,Tielemans,0,4,55,1408,18,444.3,349.0,152.0,3,318,94.6,4,0,0,0.6,59,MID,9.3
Leon,Bailey,0,1,13,334,8,122.8,55.0,59.0,0,42,23.7,0,0,1,0.1,55,MID,2.4
Emiliano,Buendía Stati,5,2,84,1465,19,332.9,347.4,314.0,8,295,98.1,3,0,6,0.4,53,MID,15.8
Samuel,Iling-Junior,0,0,0,0,0,0.0,0.0,0.0,0,0,0.0,0,0,0,0.0,55,MID,0.0
Donyell,Malen,4,2,55,640,10,99.7,183.4,290.0,3,161,56.3,1,0,0,0.4,51,MID,10.8
John,McGinn,4,2,84,1807,23,440.5,356.2,231.0,6,349,102.6,8,0,4,0.6,53,MID,15.8
Ross,Barkley,2,1,37,466,7,112.4,156.4,112.0,3,163,38.1,1,0,0,0.1,48,MID,7.7
Enzo,Barrenechea,0,0,0,0,0,0.0,0.0,0.0,0,0,0.0,0,0,0,0.0,50,MID,0.0
Lewis,Dobbin,0,0,0,0,0,0.0,0.0,0.0,0,0,0.0,0,0,0,0.0,50,MID,0.0
Boubacar,Kamara,1,3,61,1410,15,241.3,325.0,75.0,7,282,64.2,5,0,5,0.2,49,MID,12.4
Amadou,Onana,2,0,74,1648,23,137.4,399.6,169.0,4,341,70.6,6,0,2,0.7,48,MID,15.4
Ben,Broggio,0,0,0,0,0,0.0,0.0,0.0,0,0,0.0,0,0,0,0.2,44,MID,0.0
Leander,Dendoncker,0,0,0,0,0,0.0,0.0,0.0,0,0,0.0,0,0,0,0.1,45,MID,0.0
Jamaldeen,Jimoh-Aloba,0,0,1,8,0,0.3,0.2,0.0,0,3,0.1,0,0,0,0.1,45,MID,0.2
Kadan,Young,0,0,0,0,0,0.0,0.0,0.0,0,0,0.0,0,0,0,0.5,43,MID,0.0
Ollie,Watkins,9,2,111,2375,31,258.2,432.0,855.0,14,388,153.9,9,0,3,8.3,85,FWD,13.1
Zépiqueno,Redmond,0,0,0,0,0,0.0,0.0,0.0,0,0,0.0,0,0,0,0.3,45,FWD,0.0
Harvey,Elliott,0,0,5,110,2,31.7,11.8,31.0,0,17,7.4,0,0,0,0.2,51,MID,1.0
Jadon,Sancho,0,2,32,752,5,282.9,124.8,191.0,0,127,60.1,2,0,0,0.2,58,MID,5.5
James,Wright,0,0,0,0,0,0.0,0.0,0.0,0,0,0.0,0,0,0,0.6,39,GK,0.0
Douglas Luiz,Soares de Paulo,1,1,31,814,13,277.2,172.8,87.0,0,187,53.7,1,0,2,0.1,49,MID,6.3
Triston,Rowe,0,0,0,0,0,0.0,0.0,0.0,0,0,0.0,0,0,0,0.1,40,DEF,0.0
Bradley,Burrowes,0,0,1,16,1,0.3,0.0,0.0,0,3,0.0,0,0,0,0.1,43,MID,0.2
Sam,Proctor,0,0,0,0,0,0.0,0.0,0.0,0,0,0.0,0,0,0,0.6,39,GK,0.0
Travis,Patterson,0,0,0,0,0,0.0,0.0,0.0,0,0,0.0,0,0,0,0.2,39,DEF,0.0
Victor,Lindelöf,0,1,24,662,10,28.9,130.0,22.0,0,99,18.2,1,0,0,0.1,45,DEF,5.3
George,Hemmings,0,0,2,25,0,1.7,0.0,2.0,0,5,0.3,0,0,0,0.0,45,MID,0.4
Ronnie,Hollingshead,0,0,0,0,0,0.0,0.0,0.0,0,0,0.0,0,0,0,0.0,40,GK,0.0
Leon,Routh,0,0,0,0,0,0.0,0.0,0.0,0,0,0.0,0,0,0,0.0,40,DEF,0.0
TJ,Carroll,0,0,0,0,0,0.0,0.0,0.0,0,0,0.0,0,0,0,0.0,40,DEF,0.0
Alysson Edward Franco,da Rocha dos Santos,0,0,3,47,2,3.5,3.2,10.0,0,11,1.5,0,0,0,0.0,50,MID,0.6
Tammy,Abraham,1,0,16,199,4,47.9,52.0,99.0,2,57,19.8,0,0,0,0.2,58,FWD,2.8
Max,Weiß,0,0,0,0,0,0.0,0.0,0.0,0,0,0.0,0,0,0,0.1,43,GK,0.0
Etienne,Green,0,0,0,0,0,0.0,0.0,0.0,0,0,0.0,0,0,0,0.2,40,GK,0.0
Václav,Hladký,0,0,0,0,0,0.0,0.0,0.0,0,0,0.0,0,0,0,0.2,39,GK,0.0
Connor,Roberts,0,0,0,0,0,0.0,0.0,0.0,0,0,0.0,0,0,0,0.0,43,DEF,0.0
Kyle,Walker,0,2,63,2555,54,186.5,432.0,22.0,3,203,64.3,4,0,8,1.2,44,DEF,14.3
Hannes,Delcroix,0,0,0,0,0,0.0,0.0,0.0,0,0,0.0,0,0,0,0.2,38,DEF,0.0
Owen,Dodgson,0,0,0,0,0,0.0,0.0,0.0,0,0,0.0,0,0,0,0.0,40,DEF,0.0
Hjalmar,Ekdal,0,0,45,1269,26,44.0,296.4,78.0,2,136,41.9,2,0,0,0.7,38,DEF,11.8
Maxime,Estève,0,0,71,2492,59,90.5,603.0,90.0,0,234,78.5,3,0,1,7.5,39,DEF,18.2
Quilindschy,Hartman,0,5,55,1581,32,272.4,348.4,70.0,0,205,69.2,3,0,1,0.6,40,DEF,13.8
Bashir,Humphreys,0,2,42,1320,28,118.8,325.4,76.0,1,183,51.8,2,0,5,0.1,39,DEF,10.8
Jordan,Beyer,0,0,0,0,0,0.0,0.0,0.0,0,0,0.0,0,0,0,0.1,39,DEF,0.0
Lucas,Pires Silva,0,0,20,1110,26,231.8,183.2,62.0,0,97,47.5,1,1,0,0.3,38,DEF,5.3
Shurandy,Sambo,0,0,0,0,0,0.0,0.0,0.0,0,0,0.0,0,0,0,0.0,40,DEF,0.0
Oliver,Sonne,1,0,13,164,4,18.1,44.8,30.0,0,20,9.2,0,0,0,0.2,38,DEF,3.4
Axel,Tuanzebe,1,0,27,931,22,9.8,225.2,52.0,0,81,28.9,1,0,1,0.9,39,DEF,6.9
Joe,Worrall,0,0,20,496,11,1.5,147.4,19.0,0,40,17.0,0,0,0,0.2,38,DEF,5.3
Jaidon,Anthony,7,3,107,2198,48,467.0,503.0,517.0,6,424,148.6,4,0,4,2.1,50,MID,21.4
Manuel,Benson Hedilazio,0,0,0,0,0,0.0,0.0,0.0,0,0,0.0,0,0,0,0.0,54,MID,0.0
Jacob,Bruun Larsen,0,1,37,984,27,192.1,114.8,132.0,0,110,43.9,3,0,0,0.0,52,MID,7.1
Enock,Agyei,0,0,0,0,0,0.0,0.0,0.0,0,0,0.0,0,0,0,0.0,47,MID,0.0
Darko,Churlinov,0,0,0,0,0,0.0,0.0,0.0,0,0,0.0,0,0,0,0.0,49,MID,0.0
Josh,Cullen,2,2,70,1513,29,218.1,342.0,98.0,8,321,66.0,3,0,2,0.8,49,MID,14.3
Marcus,Edwards,1,3,47,977,17,253.2,167.6,216.0,2,170,63.5,1,0,0,0.1,47,MID,10.0
Hannibal,Mejbri,1,4,52,981,22,236.8,203.8,88.0,4,215,52.8,2,0,7,0.2,47,MID,11.1
Luca,Koleosho,0,0,0,0,0,0.0,0.0,0.0,0,0,0.0,0,0,0,0.0,50,MID,0.0
Josh,Laurent,1,0,50,1576,37,169.8,274.6,102.0,1,214,53.9,2,1,6,0.0,48,MID,10.4
Loum,Tchaouna,1,1,39,846,15,109.8,102.4,118.0,0,133,33.2,2,0,1,0.0,48,MID,8.1
Aaron,Ramsey,0,0,0,0,0,0.0,0.0,0.0,0,0,0.0,0,0,0,1.4,44,MID,0.0
Oluwaseun,Adewumi,0,0,0,0,0,0.0,0.0,0.0,0,0,0.0,0,0,0,0.0,45,MID,0.0
Jaydon,Banel,0,0,1,9,0,0.5,0.0,0.0,0,2,0.0,0,0,0,0.0,45,MID,0.2
Mike,Trésor Ndayishimiye,0,0,5,34,2,15.2,7.2,2.0,0,16,2.4,0,0,0,0.1,43,MID,1.2
Zian,Flemming,8,0,73,1272,24,130.2,352.4,443.0,7,274,91.7,3,0,3,0.4,53,FWD,13.8
Zeki,Amdouni,0,0,0,0,0,0.0,0.0,0.0,0,0,0.0,0,0,0,0.0,48,FWD,0.0
Lyle,Foster,3,2,55,1296,27,145.2,213.2,218.0,4,195,57.0,4,0,4,0.8,49,FWD,11.2
Ashley,Barnes,0,0,5,35,3,0.6,0.2,9.0,0,10,1.0,0,0,1,1.3,42,FWD,1.2
Michael,Obafemi,0,0,0,0,0,0.0,0.0,0.0,0,0,0.0,0,0,0,0.1,44,FWD,0.0
Martin,Dúbravka,0,0,90,2880,63,0.0,876.8,0.0,7,400,87.9,4,0,1,29.0,40,GK,22.5
James,Ward-Prowse,0,1,29,818,19,329.4,161.6,6.0,0,183,49.6,2,0,1,0.2,56,MID,5.2
Lesley,Ugochukwu,3,2,86,2033,45,149.3,369.0,194.0,5,319,71.0,3,1,1,0.1,50,MID,17.2
Armando,Broja,1,1,40,815,26,63.0,97.4,205.0,2,109,36.2,1,0,0,0.2,52,FWD,7.7
Florentino Ibrain,Morris Luís,0,2,67,1732,38,190.2,343.4,45.0,0,292,58.0,2,0,5,0.0,50,MID,13.4
Oliver,Pimlott,0,0,0,0,0,0.0,0.0,0.0,0,0,0.0,0,0,0,0.0,45,MID,0.0
George,Brierley,0,0,0,0,0,0.0,0.0,0.0,0,0,0.0,0,0,0,0.0,45,MID,0.0
Kian,McMahon-Brown,0,0,0,0,0,0.0,0.0,0.0,0,0,0.0,0,0,0,0.0,45,MID,0.0
Norberto,Murara Neto,0,0,0,0,0,0.0,0.0,0.0,0,0,0.0,0,0,0,0.1,45,GK,0.0
Đorđe,Petrović,0,0,104,2880,49,0.0,717.2,0.0,5,427,71.9,9,0,2,5.9,46,GK,22.6
Will,Dennis,0,0,0,0,0,0.0,0.0,0.0,0,0,0.0,0,0,0,0.7,40,GK,0.0
Callan,McKenna,0,0,0,0,0,0.0,0.0,0.0,0,0,0.0,0,0,0,0.2,39,GK,0.0
Alex,Paulsen,0,0,0,0,0,0.0,0.0,0.0,0,0,0.0,0,0,0,0.1,40,GK,0.0
Illia,Zabarnyi,0,0,0,0,0,0.0,0.0,0.0,0,0,0.0,0,0,0,0.0,50,DEF,0.0
Marcos,Senesi Barón,0,4,141,2748,48,310.4,941.2,179.0,11,454,143.3,9,0,8,23.5,52,DEF,27.1
Adam,Smith,0,1,39,805,15,59.3,120.8,18.0,2,123,19.8,4,0,3,0.2,44,DEF,8.9
Adrien,Truffert,0,4,126,2838,46,440.5,666.0,111.0,12,456,121.8,9,0,4,4.8,47,DEF,26.8
Matai,Akinmboni,0,0,0,0,0,0.0,0.0,0.0,0,0,0.0,0,0,0,0.2,38,DEF,0.0
Owen,Bevan,0,0,0,0,0,0.0,0.0,0.0,0,0,0.0,0,0,0,0.2,38,DEF,0.0
James,Hill,0,3,85,1562,19,117.1,453.6,87.0,2,294,66.0,6,0,3,9.0,42,DEF,20.2
Julián,Araujo Zúñiga,0,0,0,0,0,0.0,0.0,0.0,0,0,0.0,0,0,0,0.5,38,DEF,0.0
Chris,Mepham,0,0,0,0,0,0.0,0.0,0.0,0,0,0.0,0,0,0,0.1,40,DEF,0.0
Julio,Soler Barreto,0,0,3,34,2,2.5,1.8,2.0,0,2,0.6,0,0,0,0.2,39,DEF,0.8
Justin,Kluivert,2,0,40,914,18,304.1,146.6,128.0,3,147,57.8,4,0,4,0.6,69,MID,5.8
Marcus,Tavernier,5,4,111,2212,40,586.2,508.2,453.0,10,426,154.9,9,0,4,5.9,54,MID,20.6
Tyler,Adams,2,1,61,1432,24,95.2,308.6,110.0,3,284,51.7,6,0,7,0.3,49,MID,12.4
David,Brooks,1,2,49,1061,18,339.1,208.0,402.0,4,192,93.5,4,0,7,0.2,50,MID,9.8
Ryan,Christie,2,1,44,780,13,154.6,197.4,163.0,2,184,51.9,2,0,2,0.2,49,MID,9.0
Lewis,Cook,0,1,38,870,18,183.3,206.0,12.0,0,184,40.4,1,1,1,0.0,49,MID,7.8
Philip,Billing,0,0,0,0,0,0.0,0.0,0.0,0,0,0.0,0,0,0,0.0,49,MID,0.0
Alex,Scott,3,2,120,2398,37,364.8,523.0,293.0,9,513,117.7,9,0,3,3.2,50,MID,24.0
Luis,Sinisterra Lucumí,0,0,0,0,0,0.0,0.0,0.0,0,0,0.0,0,0,0,0.0,50,MID,0.0
Romain,Faivre,0,0,0,0,0,0.0,0.0,0.0,0,0,0.0,0,0,0,0.1,45,MID,0.0
Hamed,Traorè,0,1,4,16,2,10.0,21.2,0.0,0,12,3.1,0,0,0,0.3,45,MID,0.9
Dominic,Sadi,0,0,0,0,0,0.0,0.0,0.0,0,0,0.0,0,0,0,0.0,45,MID,0.0
Zain,Silcott-Duberry,0,0,0,0,0,0.0,0.0,0.0,0,0,0.0,0,0,0,0.1,44,MID,0.0
Ben,Winterburn,0,0,1,6,2,0.0,0.0,0.0,0,3,0.0,0,0,0,0.0,45,MID,0.2
Francisco Evanilson,de Lima Barbosa,6,5,99,2282,36,331.5,324.6,726.0,6,357,137.9,9,0,1,2.8,67,FWD,14.8
Enes,Ünal,1,0,22,174,2,13.0,46.6,86.0,1,57,13.7,0,0,1,0.0,54,FWD,4.1
Daniel,Adu-Adjei,0,0,0,0,0,0.0,0.0,0.0,0,0,0.0,0,0,0,0.1,44,FWD,0.0
Junior,Kroupi,10,0,85,1232,19,254.0,415.4,430.0,8,378,109.9,6,0,4,6.0,46,FWD,18.5
Ben,Gannon-Doak,0,1,8,56,1,14.5,21.2,15.0,0,21,5.0,0,0,0,0.0,48,MID,1.7
Bafodé,Diakité,0,0,46,1275,27,54.3,267.0,22.0,2,164,34.4,4,0,1,0.3,41,DEF,11.2
Remy,Rees-Dottin,0,0,0,0,0,0.0,0.0,0.0,0,0,0.0,0,0,0,0.2,43,MID,0.0
Amine,Adli,3,2,63,1024,16,222.9,264.8,251.0,4,234,73.3,3,0,2,0.3,54,MID,11.7
Álex,Jiménez Sánchez,1,2,66,2045,36,231.6,356.4,170.0,2,257,75.8,5,0,9,0.3,45,DEF,14.7
Veljko,Milosavljevic,0,0,19,367,6,13.9,98.4,10.0,0,63,12.2,1,0,0,0.0,44,DEF,4.3
Malcom,DaCosta,0,0,0,0,0,0.0,0.0,0.0,0,0,0.0,0,0,0,0.0,45,MID,0.0
Fraser,Forster,0,0,0,0,0,0.0,0.0,0.0,0,0,0.0,0,0,0,0.0,40,GK,0.0
Charlie,Stevens,0,0,0,0,0,0.0,0.0,0.0,0,0,0.0,0,0,0,0.0,45,MID,0.0
Alex,Tóth,0,0,4,76,1,33.5,8.0,14.0,0,14,5.5,0,0,1,0.0,49,MID,0.8
Christos,Mandas,0,0,0,0,0,0.0,0.0,0.0,0,0,0.0,0,0,0,0.0,40,GK,0.0
Rayan Vitor,Simplício Rocha,2,1,34,692,6,160.4,140.0,130.0,2,129,43.0,3,0,1,1.9,55,MID,6.2
Reiss,Nelson,0,0,8,100,2,17.8,22.0,25.0,0,23,6.0,0,0,0,0.1,48,MID,1.7
Dango,Ouattara,5,7,108,1800,28,323.0,395.2,513.0,13,347,122.5,4,0,4,2.5,60,MID,18.0
Caoimhín,Kelleher,0,0,116,2790,41,23.0,725.0,0.0,8,456,74.9,8,0,1,12.6,48,GK,24.2
Ellery,Balcombe,0,0,0,0,0,0.0,0.0,0.0,0,0,0.0,0,0,0,0.3,39,GK,0.0
Matthew,Cox,0,0,0,0,0,0.0,0.0,0.0,0,0,0.0,0,0,0,0.1,39,GK,0.0
Julian,Eyestone,0,0,0,0,0,0.0,0.0,0.0,0,0,0.0,0,0,0,0.1,39,GK,0.0
Hákon Rafn,Valdimarsson,0,0,1,90,3,0.0,13.0,0.0,0,1,1.3,0,0,0,0.7,38,GK,0.3
Nathan,Collins,1,2,108,2431,36,118.9,722.6,291.0,7,374,113.4,7,0,5,2.7,49,DEF,22.0
Keane,Lewis-Potter,3,2,90,1422,24,254.8,291.4,246.0,3,268,79.2,7,0,1,1.6,48,DEF,18.8
Kristoffer,Ajer,0,2,70,1624,27,58.3,358.2,161.0,1,196,57.9,5,0,3,0.2,44,DEF,15.9
Rico,Henry,0,2,52,1322,22,82.0,151.6,35.0,0,144,26.9,4,0,2,0.1,43,DEF,12.1
Michael,Kayode,1,2,96,2718,41,419.2,539.0,107.0,7,440,106.8,8,0,6,1.1,46,DEF,20.9
Ethan,Pinnock,0,0,14,318,5,1.2,88.6,33.0,2,53,12.3,1,0,1,0.1,42,DEF,3.3
Mads,Roerslev Rasmussen,0,0,0,0,0,0.0,0.0,0.0,0,0,0.0,0,0,0,0.0,45,DEF,0.0
Sepp,van den Berg,0,2,93,2393,38,83.5,560.0,260.0,3,345,90.5,6,0,1,1.3,46,DEF,20.2
Benjamin,Arthur,0,0,0,0,0,0.0,0.0,0.0,0,0,0.0,0,0,0,0.2,38,DEF,0.0
Benjamin,Fredrick,0,0,0,0,0,0.0,0.0,0.0,0,0,0.0,0,0,0,0.1,40,DEF,0.0
Aaron,Hickey,0,0,33,588,8,16.2,82.6,42.0,0,94,13.9,2,0,1,0.3,40,DEF,8.2
Kim,Ji-soo,0,0,0,0,0,0.0,0.0,0.0,0,0,0.0,0,0,0,0.1,39,DEF,0.0
Jayden,Meghoma,0,0,0,0,0,0.0,0.0,0.0,0,0,0.0,0,0,0,0.0,40,DEF,0.0
Kevin,Schade,7,5,107,2296,28,341.9,479.6,708.0,5,342,152.5,9,1,6,1.7,70,MID,15.3
Mikkel,Damsgaard,3,4,88,1611,27,539.9,425.2,254.0,6,368,122.1,3,0,0,0.8,56,MID,15.7
Antoni,Milambo,0,0,1,45,3,1.8,4.0,0.0,0,5,0.6,0,0,0,0.0,52,MID,0.2
Fábio,Freitas Gouveia Carvalho,1,0,13,100,4,6.5,39.0,36.0,1,42,8.1,0,0,0,0.1,46,MID,2.8
Jordan,Henderson,1,3,75,1814,26,336.0,328.0,45.0,5,332,70.9,6,0,4,0.3,50,MID,15.0
Vitaly,Janelt,1,4,70,1253,16,313.6,329.0,91.0,6,300,72.5,5,0,7,0.1,49,MID,14.3
Mathias,Jensen,2,2,74,1735,25,454.0,319.4,180.0,0,358,95.3,7,0,3,0.1,49,MID,15.1
Gustavo,Nunes Fernandes Gomes,0,0,0,0,0,0.0,0.0,0.0,0,0,0.0,0,0,0,0.0,49,MID,0.0
Frank,Onyeka,0,2,12,88,2,13.6,28.4,4.0,0,41,4.6,0,0,0,0.0,48,MID,2.5
Yehor,Yarmoliuk,1,2,84,2216,36,240.3,359.0,110.0,0,364,70.8,6,0,7,0.1,50,MID,16.8
Romelle,Donovan,0,0,4,38,0,11.5,8.4,21.0,0,19,4.2,0,0,0,0.1,44,MID,0.9
Yunus Emre,Konak,0,0,0,0,0,0.0,0.0,0.0,0,0,0.0,0,0,0,0.1,43,MID,0.0
Paris,Maghoma,0,0,0,0,0,0.0,0.0,0.0,0,0,0.0,0,0,0,0.0,45,MID,0.0
Myles,Peart-Harris,0,0,1,1,0,0.0,0.0,0.0,0,2,0.0,0,0,0,0.0,44,MID,0.2
Ryan,Trevitt,0,0,0,0,0,0.0,0.0,0.0,0,0,0.0,0,0,0,0.0,45,MID,0.0
Igor Thiago,Nascimento Rodrigues,21,1,166,2742,42,320.5,927.2,1041.0,22,668,228.6,8,0,6,33.3,73,FWD,22.7
Iwan,Morgan,0,0,0,0,0,0.0,0.0,0.0,0,0,0.0,0,0,0,0.3,44,FWD,0.0
Josh,Dasilva,0,0,0,0,0,0.0,0.0,0.0,0,0,0.0,0,0,0,0.0,49,MID,0.0
Kaye,Furo,0,0,0,0,0,0.0,0.0,0.0,0,0,0.0,0,0,0,0.0,45,FWD,0.0
Luka,Bentt,0,0,0,0,0,0.0,0.0,0.0,0,0,0.0,0,0,0,0.0,45,MID,0.0
Ollie,Shield,0,0,0,0,0,0.0,0.0,0.0,0,0,0.0,0,0,0,0.0,40,DEF,0.0
Joshua,Stephenson,0,0,0,0,0,0.0,0.0,0.0,0,0,0.0,0,0,0,0.0,40,DEF,0.0
Conor,McManus,0,0,0,0,0,0.0,0.0,0.0,0,0,0.0,0,0,0,0.0,40,DEF,0.0
Riley,Owen,0,0,0,0,0,0.0,0.0,0.0,0,0,0.0,0,0,0,0.0,45,MID,0.0
Jason,Steele,0,0,0,0,0,0.0,0.0,0.0,0,0,0.0,0,0,0,0.2,42,GK,0.0
Bart,Verbruggen,0,0,110,2880,37,10.0,806.0,0.0,6,540,81.7,8,0,3,9.7,45,GK,24.4
Tom,McGill,0,0,0,0,0,0.0,0.0,0.0,0,0,0.0,0,0,0,0.3,39,GK,0.0
Carl,Rushworth,0,0,0,0,0,0.0,0.0,0.0,0,0,0.0,0,0,0,0.0,40,GK,0.0
Kjell,Scherpen,0,0,0,0,0,0.0,0.0,0.0,0,0,0.0,0,0,0,0.0,40,GK,0.0
Olivier,Boscagli,0,1,31,529,5,57.5,154.6,12.0,4,124,22.5,2,0,2,0.2,42,DEF,7.4
Diego,Coppola,0,0,10,193,3,3.7,42.4,2.0,0,32,4.8,1,0,2,0.0,42,DEF,2.4
Maxim,De Cuyper,2,0,61,1145,18,319.7,215.2,132.0,6,228,66.7,4,0,2,1.6,43,DEF,14.2
Lewis,Dunk,0,1,82,2565,35,108.6,573.4,154.0,3,389,83.8,6,0,10,0.9,45,DEF,18.2
Pervis,Estupiñán Tenorio,0,0,0,0,0,0.0,0.0,0.0,0,0,0.0,0,0,0,0.0,45,DEF,0.0
Ferdi,Kadıoğlu,0,2,92,2590,32,356.5,410.0,195.0,4,432,96.4,8,0,6,0.8,44,DEF,20.9
Igor Julio,dos Santos de Paulo,0,0,6,103,3,10.6,25.8,0.0,0,10,3.6,0,0,0,0.1,45,DEF,1.3
Tariq,Lamptey,0,0,0,0,0,0.0,0.0,0.0,0,0,0.0,0,0,0,0.1,44,DEF,0.0
Jan Paul,van Hecke,3,2,125,2670,35,201.4,845.4,242.0,8,489,129.2,8,0,8,11.2,46,DEF,27.2
Joël,Veltman,1,0,37,844,12,71.5,222.8,63.0,1,140,35.8,1,0,4,0.1,43,DEF,8.6
Adam,Webster,0,0,0,0,0,0.0,0.0,0.0,0,0,0.0,0,0,0,0.0,44,DEF,0.0
Eiran,Cashin,0,0,0,0,0,0.0,0.0,0.0,0,0,0.0,0,0,0,0.0,40,DEF,0.0
Jacob,Slater,0,0,0,0,0,0.0,0.0,0.0,0,0,0.0,0,0,0,0.1,40,DEF,0.0
Charlie,Tasker,0,0,0,0,0,0.0,0.0,0.0,0,0,0.0,0,0,0,0.2,38,DEF,0.0
Mitoma,Kaoru,2,1,52,1432,16,364.4,231.2,336.0,2,192,92.8,4,0,3,2.3,61,MID,8.5
Georginio,Rutter,2,4,71,1614,17,292.2,269.2,374.0,2,235,93.4,6,0,2,0.3,56,MID,12.7
Solly,March,0,0,1,4,0,0.0,0.0,0.0,0,4,0.0,0,0,0,0.0,58,MID,0.2
Yankuba,Minteh,2,8,98,1908,27,571.7,393.4,542.0,8,383,151.0,8,0,2,2.8,55,MID,17.8
Julio,Enciso Espínola,0,0,0,0,0,0.0,0.0,0.0,0,0,0.0,0,0,0,0.0,54,MID,0.0
Brajan,Gruda,1,1,35,708,11,217.1,134.4,152.0,2,114,50.0,2,0,2,0.0,54,MID,6.5
Jack,Hinshelwood,1,5,61,1244,17,175.0,193.0,261.0,2,218,62.6,4,0,0,0.5,51,MID,12.0
Matt,O'Riley,1,0,14,186,2,67.4,61.6,63.0,2,42,19.2,1,0,0,0.3,55,MID,2.5
Abdallah,Sima,0,0,0,0,0,0.0,0.0,0.0,0,0,0.0,0,0,0,0.0,54,MID,0.0
Yasin,Ayari,3,4,93,1810,21,248.3,355.2,225.0,7,389,83.1,6,0,1,0.4,48,MID,19.4
Carlos,Baleba,0,0,42,1290,17,93.0,101.4,29.0,0,158,22.4,4,0,5,1.5,45,MID,9.3
Diego,Gómez Amarilla,5,1,94,2015,25,317.0,437.2,394.0,9,359,115.0,8,0,9,1.1,49,MID,19.2
James,Milner,1,1,34,714,14,149.5,137.6,59.0,0,153,34.4,2,0,2,0.1,49,MID,6.9
Jeremy,Sarmiento Morante,0,0,0,0,0,0.0,0.0,0.0,0,0,0.0,0,0,0,0.0,49,MID,0.0
Tom,Watson,0,0,5,57,2,2.4,6.0,7.0,0,15,1.6,0,0,1,0.0,48,MID,1.0
Mats,Wieffer,2,4,89,1659,20,266.6,461.8,199.0,6,374,92.8,6,0,7,0.8,49,MID,18.2
Malick,Yalcouyé,0,0,0,0,0,0.0,0.0,0.0,0,0,0.0,0,0,0,0.0,50,MID,0.0
Joe,Knight,0,0,1,1,0,0.0,0.0,0.0,0,3,0.0,0,0,0,0.1,44,MID,0.2
Adrian,Mazilu,0,0,0,0,0,0.0,0.0,0.0,0,0,0.0,0,0,0,0.0,45,MID,0.0
Andrew,Moran,0,0,0,0,0,0.0,0.0,0.0,0,0,0.0,0,0,0,0.0,45,MID,0.0
Danny,Welbeck,12,0,108,1891,22,284.9,507.6,667.0,17,439,145.3,8,0,5,9.0,63,FWD,17.1
Evan,Ferguson,0,0,0,0,0,0.0,0.0,0.0,0,0,0.0,0,0,0,0.0,55,FWD,0.0
Stefanos,Tzimas,1,1,16,132,2,65.7,66.6,44.0,0,55,17.7,0,0,0,0.1,52,FWD,3.1
Charalampos,Kostoulas,2,1,30,292,7,80.0,129.6,192.0,3,117,40.1,1,0,2,0.3,48,FWD,6.2
Nehemiah,Oriola,0,0,1,1,0,0.0,0.0,0.0,0,3,0.0,0,0,0,0.0,45,MID,0.2
Freddie,Simmonds,0,0,0,0,0,0.0,0.0,0.0,0,0,0.0,0,0,0,0.0,40,DEF,0.0
Pascal,Groß,1,3,49,1096,8,423.3,276.6,113.0,4,250,81.3,4,0,2,2.2,55,MID,8.9
Harry,Howell,0,0,4,92,2,5.1,10.2,2.0,0,11,1.8,0,0,0,0.0,45,MID,0.9
Robert,Lynch Sánchez,0,1,104,2614,39,50.0,714.8,0.0,7,469,76.0,9,1,3,12.5,48,GK,21.7
Filip,Jörgensen,0,0,6,264,4,0.0,59.6,0.0,0,35,5.9,0,0,0,0.2,43,GK,1.4
Mike,Penders,0,0,0,0,0,0.0,0.0,0.0,0,0,0.0,0,0,0,0.0,40,GK,0.0
Gabriel,Słonina,0,0,0,0,0,0.0,0.0,0.0,0,0,0.0,0,0,0,0.1,39,GK,0.0
Marc,Cucurella Saseta,1,3,94,2166,28,482.9,491.2,253.0,5,430,122.8,9,1,6,15.9,60,DEF,15.7
Reece,James,2,6,113,1892,20,480.8,446.4,109.0,11,479,103.8,8,0,4,6.5,56,DEF,20.2
Trevoh,Chalobah,3,1,131,2550,34,96.3,673.4,154.0,7,493,92.3,9,1,3,10.4,54,DEF,24.3
Levi,Samuels Colwill,0,0,0,0,0,0.0,0.0,0.0,0,0,0.0,0,0,0,0.1,47,DEF,0.0
Malo,Gusto,2,3,92,1821,26,312.6,372.4,170.0,7,366,85.6,7,1,2,2.2,49,DEF,18.8
Benoît,Badiashile Mukinayi,0,0,7,470,10,7.9,102.8,2.0,0,48,11.4,0,0,2,0.0,44,DEF,1.6
Wesley,Fofana,0,1,58,1362,19,62.0,402.4,44.0,3,255,50.8,4,1,4,0.5,44,DEF,13.2
Mamadou,Sarr,0,0,2,91,3,0.1,6.2,7.0,0,1,1.3,0,0,0,0.0,45,DEF,0.4
Tosin,Adarabioyo,0,0,34,743,12,32.5,232.0,19.0,2,129,28.4,2,0,2,0.3,40,DEF,8.5
Josh,Acheampong,1,0,34,569,12,39.6,127.2,66.0,5,102,23.3,2,0,1,1.7,37,DEF,9.2
Aarón,Anselmino,0,0,0,0,0,0.0,0.0,0.0,0,0,0.0,0,0,0,0.1,40,DEF,0.0
Cole,Palmer,9,2,100,1506,25,330.3,472.2,454.0,9,371,125.5,3,0,4,20.0,105,MID,9.5
Pedro,Lomba Neto,5,5,110,2297,26,732.0,455.6,456.0,8,478,164.6,11,1,2,4.6,70,MID,15.7
Enzo,Fernández,8,4,129,2577,35,817.5,688.0,671.0,14,579,217.7,8,0,8,12.6,65,MID,19.8
Estêvão,Almeida de Oliveira Gonçalves,2,5,57,824,11,230.9,183.4,293.0,4,168,70.5,4,0,4,1.8,64,MID,8.9
Jamie,Bynoe-Gittens,0,2,25,486,7,130.4,93.0,91.0,0,99,31.3,1,0,0,0.1,60,MID,4.2
Christopher,Nkunku,0,0,0,0,0,0.0,0.0,0.0,0,0,0.0,0,0,0,0.1,59,MID,0.0
Moisés,Caicedo Corozo,3,1,98,2262,36,311.2,494.0,114.0,10,489,91.7,6,1,9,7.5,57,MID,17.2
Roméo,Lavia,0,0,9,243,5,36.6,25.6,11.0,0,52,7.3,0,0,0,0.0,49,MID,1.8
Mykhailo,Mudryk,0,0,0,0,0,0.0,0.0,0.0,0,0,0.0,0,0,0,0.0,49,MID,0.0
Andrey,Nascimento dos Santos,0,0,34,1063,16,139.0,171.2,65.0,0,186,37.5,1,0,4,0.3,45,MID,7.6
Dário,Luís Essugo,0,0,0,8,0,0.3,4.6,0.0,0,0,0.5,0,0,1,0.1,43,MID,0.0
Kendry,Páez Andrade,0,0,0,0,0,0.0,0.0,0.0,0,0,0.0,0,0,0,0.0,45,MID,0.0
João Pedro,Junqueira de Jesus,14,9,166,2388,30,437.8,720.4,828.0,28,676,198.2,10,0,4,51.1,77,FWD,21.6
Liam,Delap,1,2,39,793,13,56.7,65.4,311.0,1,118,42.4,2,0,2,0.9,62,FWD,6.3
Nicolas,Jackson,0,0,0,0,0,0.0,0.0,0.0,0,0,0.0,0,0,0,0.1,65,FWD,0.0
Marc,Guiu Paz,0,1,12,247,2,38.8,24.6,81.0,0,19,12.6,0,0,1,5.1,40,FWD,3.0
Alejandro,Garnacho Ferreyra,1,4,52,1141,17,367.8,196.4,354.0,3,203,90.8,4,0,2,0.5,64,MID,8.1
Jorrel,Hato,0,0,13,728,19,95.5,145.0,32.0,0,49,27.2,0,0,4,0.2,46,DEF,2.8
Landon,Emenalo,0,0,0,0,0,0.0,0.0,0.0,0,0,0.0,0,0,0,0.0,45,MID,0.0
Max,Merrick,0,0,0,0,0,0.0,0.0,0.0,0,0,0.0,0,0,0,0.0,40,GK,0.0
Teddy,Sharman-Lowe,0,0,0,0,0,0.0,0.0,0.0,0,0,0.0,0,0,0,0.0,40,GK,0.0
Dean,Henderson,0,0,117,2700,36,10.0,706.8,0.0,7,490,71.6,10,0,3,8.1,51,GK,22.9
Walter,Benítez,0,0,7,90,0,0.0,22.8,0.0,0,29,2.3,1,0,0,0.3,39,GK,1.8
Remi,Matthews,0,0,0,0,0,0.0,0.0,0.0,0,0,0.0,0,0,0,0.1,39,GK,0.0
Daniel,Muñoz Mejía,3,3,113,1869,21,309.3,460.8,344.0,8,399,111.3,9,0,5,7.4,58,DEF,19.5
Maxence,Lacroix,1,2,132,2575,35,82.0,678.0,250.0,8,454,101.0,10,1,3,4.9,51,DEF,25.9
Tyrick,Mitchell,1,2,119,2758,36,392.6,539.2,189.0,7,431,112.2,11,0,5,2.2,50,DEF,23.8
Borna,Sosa,0,0,6,54,1,12.5,11.2,4.0,0,13,2.8,0,0,0,0.1,48,DEF,1.2
Chris,Richards,1,0,116,2422,32,150.2,645.2,140.0,5,425,93.8,10,0,3,2.4,44,DEF,26.4
Chadi,Riad Dnanou,0,1,14,312,3,21.3,63.8,14.0,0,58,9.9,1,0,2,0.0,40,DEF,3.5
Nathaniel,Clyne,0,1,15,494,9,53.5,80.6,33.0,2,49,16.6,0,0,1,0.5,38,DEF,3.9
Rob,Holding,0,0,0,0,0,0.0,0.0,0.0,0,0,0.0,0,0,0,0.0,40,DEF,0.0
Caleb,Kporha,0,0,0,0,0,0.0,0.0,0.0,0,0,0.0,0,0,0,0.0,40,DEF,0.0
Ismaïla,Sarr,7,1,94,1752,19,204.6,381.4,409.0,9,289,99.7,9,0,2,3.8,63,MID,14.9
Cheick,Doucouré,0,0,0,0,0,0.0,0.0,0.0,0,0,0.0,0,0,0,0.0,49,MID,0.0
Romain,Esse,0,0,4,40,0,2.7,6.8,6.0,0,12,1.5,0,0,0,0.1,47,MID,0.9
Will,Hughes,0,1,41,1353,14,294.0,169.0,86.0,0,194,54.8,5,0,7,0.1,47,MID,8.7
Daichi,Kamada,0,2,54,1493,17,245.0,177.6,138.0,0,255,56.2,6,0,2,0.1,50,MID,10.8
Jefferson,Lerma Solís,0,5,59,1336,16,159.9,226.8,197.0,3,240,58.4,6,0,6,0.1,49,MID,12.0
Adam,Wharton,0,6,92,2191,33,554.9,389.6,151.0,6,419,109.8,8,1,4,0.6,50,MID,18.4
Asher,Agbinone,0,0,0,0,0,0.0,0.0,0.0,0,0,0.0,0,0,0,0.1,43,MID,0.0
Naouirou,Ahamada,0,0,0,0,0,0.0,0.0,0.0,0,0,0.0,0,0,0,0.0,43,MID,0.0
Justin,Devenny,1,0,29,593,10,94.5,86.6,164.0,0,81,34.5,1,0,0,1.2,43,MID,6.7
Malcolm,Ebiowei,0,0,0,0,0,0.0,0.0,0.0,0,0,0.0,0,0,0,0.0,45,MID,0.0
Jesurun,Rak-Sakyi,0,0,0,0,0,0.0,0.0,0.0,0,0,0.0,0,0,0,0.0,44,MID,0.0
Matheus,França de Oliveira,0,0,0,0,0,0.0,0.0,0.0,0,0,0.0,0,0,0,0.0,45,MID,0.0
David,Ozoh,0,0,0,0,0,0.0,0.0,0.0,0,0,0.0,0,0,0,0.0,45,MID,0.0
Kaden,Rodney,0,0,1,3,0,0.1,0.0,0.0,0,2,0.0,0,0,0,0.0,44,MID,0.2
Franco,Umeh-Chibueze,0,0,0,0,0,0.0,0.0,0.0,0,0,0.0,0,0,0,0.0,45,MID,0.0
Jean-Philippe,Mateta,10,0,97,1959,23,131.8,484.8,704.0,12,334,131.6,8,0,2,6.9,75,FWD,12.9
Eddie,Nketiah,2,0,23,414,12,84.6,120.0,173.0,3,100,37.8,0,0,2,0.3,54,FWD,4.3
Odsonne,Édouard,0,0,1,2,0,0.0,2.0,0.0,0,6,0.2,0,0,0,0.2,50,FWD,0.2
Zach,Marsh,0,0,0,0,0,0.0,0.0,0.0,0,0,0.0,0,0,0,0.3,44,FWD,0.0
Brennan,Johnson,2,1,55,1287,14,238.0,197.2,195.0,2,189,62.7,5,0,5,2.3,65,MID,8.5
Jørgen,Strand Larsen,4,1,64,1929,32,171.0,243.4,390.0,3,190,79.1,5,0,4,1.6,60,FWD,10.7
Evann,Guessand,1,3,42,880,15,75.8,156.8,183.0,0,137,41.2,2,0,0,0.0,62,MID,6.8
Rio,Cardines,0,0,0,0,0,0.0,0.0,0.0,0,0,0.0,0,0,0,0.3,44,MID,0.0
Yéremy,Pino Santos,2,1,68,1791,21,613.0,281.2,333.0,3,290,122.5,7,0,4,0.2,58,MID,11.7
Jaydee,Canvot,0,0,52,791,10,42.4,242.2,35.0,7,158,31.8,4,0,2,0.2,45,DEF,11.6
Christantus,Uche,0,1,17,159,4,7.1,13.2,73.0,0,42,8.8,0,0,0,0.1,55,FWD,3.1
Joél,Drakes-Thomas,0,0,2,7,1,1.0,1.4,0.0,0,6,0.3,0,0,0,0.0,45,MID,0.4
Dean,Benamar,0,0,0,0,0,0.0,0.0,0.0,0,0,0.0,0,0,0,0.0,40,DEF,0.0
Ben,Casey,0,0,0,0,0,0.0,0.0,0.0,0,0,0.0,0,0,0,0.0,45,FWD,0.0
George,King,0,0,0,0,0,0.0,0.0,0.0,0,0,0.0,0,0,0,0.0,40,DEF,0.0
Danny,Imray,0,0,0,0,0,0.0,0.0,0.0,0,0,0.0,0,0,0,0.0,40,DEF,0.0
Kiernan,Dewsbury-Hall,7,5,126,2096,27,467.1,506.8,374.0,16,492,134.9,8,0,6,4.5,51,MID,24.7
Tyrique,George,0,0,11,261,5,22.2,20.0,101.0,0,22,13.9,1,0,2,0.1,48,MID,2.3
Jordan,Pickford,0,0,126,2880,37,0.2,757.8,2.0,11,504,76.0,11,0,3,13.1,56,GK,22.5
Mark,Travers,0,0,0,0,0,0.0,0.0,0.0,0,0,0.0,0,0,0,0.1,43,GK,0.0
Harry,Tyrer,0,0,0,0,0,0.0,0.0,0.0,0,0,0.0,0,0,0,0.1,39,GK,0.0
Jarrad,Branthwaite,1,1,28,592,8,32.4,155.0,75.0,0,94,26.3,1,0,1,0.5,53,DEF,5.3
James,Tarkowski,1,1,145,2790,35,186.5,798.2,289.0,9,522,127.7,11,0,5,11.5,57,DEF,25.4
Vitalii,Mykolenko,0,1,87,2419,34,340.7,461.6,65.0,2,327,86.6,9,0,5,0.6,49,DEF,17.8
Jake,O'Brien,0,3,106,2636,35,232.1,492.6,132.0,2,362,86.0,10,1,2,0.7,49,DEF,21.6
Séamus,Coleman,0,0,3,11,0,0.1,0.0,0.0,0,10,0.0,0,0,0,0.1,42,DEF,0.7
Michael,Keane,3,0,118,2135,30,30.1,649.6,241.0,8,380,92.1,7,1,0,2.9,45,DEF,26.2
Nathan,Patterson,0,0,21,237,1,6.4,63.6,17.0,0,68,8.6,2,0,0,0.0,44,DEF,4.8
Roman,Dixon,0,0,0,0,0,0.0,0.0,0.0,0,0,0.0,0,0,0,0.2,38,DEF,0.0
Reece,Welch,0,0,0,0,0,0.0,0.0,0.0,0,0,0.0,0,0,0,0.1,38,DEF,0.0
Iliman,Ndiaye,6,3,114,2241,31,410.6,538.8,450.0,7,475,140.2,8,0,2,4.1,62,MID,18.4
Dwight,McNeil,0,3,48,1016,6,200.4,127.4,122.0,1,164,45.1,6,0,1,0.1,55,MID,8.7
Carlos,Alcaraz Durán,0,1,26,667,8,144.5,83.0,156.0,0,111,38.4,3,0,3,0.1,52,MID,5.0
Idrissa Gana,Gueye,2,3,79,1919,23,248.8,376.0,200.0,4,390,82.6,5,1,1,0.1,54,MID,14.6
James,Garner,2,6,142,2873,37,768.0,755.2,215.0,13,701,174.1,11,0,8,4.2,53,MID,26.8
Tim,Iroegbunam,0,3,58,1117,11,93.8,195.8,65.0,1,195,35.3,8,0,8,0.0,48,MID,12.1
Harrison,Armstrong,0,0,19,495,10,66.6,58.6,78.0,0,78,20.5,1,0,0,0.1,45,MID,4.2
Callum,Bates,0,0,0,0,0,0.0,0.0,0.0,0,0,0.0,0,0,0,0.1,43,MID,0.0
Coby,Ebere,0,0,0,0,0,0.0,0.0,0.0,0,0,0.0,0,0,0,0.0,44,MID,0.0
Isaac,Heath,0,0,0,0,0,0.0,0.0,0.0,0,0,0.0,0,0,0,0.0,45,MID,0.0
Jenson,Metcalfe,0,0,0,0,0,0.0,0.0,0.0,0,0,0.0,0,0,0,0.0,45,MID,0.0
Thierno,Barry,6,0,77,1645,25,180.0,250.4,424.0,7,228,83.0,7,0,3,0.7,57,FWD,13.5
Norberto Bercique,Gomes Betuncal,7,1,83,1269,15,124.8,351.0,536.0,10,272,99.6,5,0,2,2.9,50,FWD,16.6
Youssef,Ramalho Chermiti,0,0,0,0,0,0.0,0.0,0.0,0,0,0.0,0,0,0,0.1,49,FWD,0.0
Martin,Sherif,0,0,0,0,0,0.0,0.0,0.0,0,0,0.0,0,0,0,0.1,44,FWD,0.0
Jack,Grealish,2,6,79,1627,23,520.5,374.2,397.0,12,356,129.2,7,1,3,5.7,63,MID,12.5
Tom,King,0,0,0,0,0,0.0,0.0,0.0,0,0,0.0,0,0,0,1.2,39,GK,0.0
Adam,Aznou,0,0,0,0,0,0.0,0.0,0.0,0,0,0.0,0,0,0,0.1,42,DEF,0.0
Tyler,Onyango,0,0,0,0,0,0.0,0.0,0.0,0,0,0.0,0,0,0,0.0,45,MID,0.0
Elijah,Campbell,0,0,0,0,0,0.0,0.0,0.0,0,0,0.0,0,0,0,0.2,39,DEF,0.0
Tyler,Dibling,0,0,18,349,2,61.0,46.0,32.0,0,49,13.6,2,0,2,0.0,53,MID,3.4
Merlin,Röhl,0,0,18,358,6,66.2,67.6,32.0,0,48,16.6,2,0,0,0.0,50,MID,3.6
Braiden,Graham,0,0,0,0,0,0.0,0.0,0.0,0,0,0.0,0,0,0,0.0,45,FWD,0.0
Bernd,Leno,0,0,91,2880,46,0.0,676.6,0.0,4,421,67.5,6,0,3,1.8,49,GK,18.6
Steven,Benda,0,0,0,0,0,0.0,0.0,0.0,0,0,0.0,0,0,0,0.0,40,GK,0.0
Antonee,Robinson,0,0,43,1109,14,279.2,268.8,44.0,4,191,59.2,3,0,3,0.8,49,DEF,8.8
Joachim,Andersen,0,1,105,2561,41,116.8,721.8,139.0,5,369,98.1,6,0,7,4.5,46,DEF,22.8
Calvin,Bassey,1,1,80,1992,35,104.8,481.4,100.0,9,274,69.0,4,0,5,0.6,44,DEF,18.2
Timothy,Castagne,0,1,33,1306,26,213.3,288.2,141.0,0,167,64.5,0,0,3,0.1,43,DEF,7.7
Issa,Diop,0,0,13,592,11,5.7,118.0,12.0,0,49,13.6,0,0,2,0.1,43,DEF,3.0
Jorge,Cuenca Barreno,0,0,39,931,11,47.1,244.6,14.0,1,155,30.7,2,0,5,0.1,43,DEF,9.1
Kenny,Tete,1,0,81,1791,25,214.1,416.0,108.0,5,318,73.9,6,0,2,0.3,45,DEF,18.0
Samuel,Amissah,0,0,0,0,0,0.0,0.0,0.0,0,0,0.0,0,0,0,0.1,38,DEF,0.0
Alex,Iwobi,4,3,97,2222,39,671.7,477.6,267.0,13,470,141.7,4,0,3,2.0,64,MID,15.2
Emile,Smith Rowe,3,1,66,1497,23,290.0,256.0,342.0,1,285,88.8,3,0,1,0.5,56,MID,11.8
Andreas,Hoelgebaum Pereira,0,0,0,0,0,0.0,0.0,0.0,0,0,0.0,0,0,0,0.1,53,MID,0.0
Ryan,Sessegnon,2,3,81,1656,29,200.4,360.0,193.0,5,286,75.2,4,0,0,0.2,54,MID,15.0
Harry,Wilson,10,8,154,2341,34,566.9,658.0,562.0,21,589,178.6,7,0,6,21.3,61,MID,25.2
Sander,Berge,0,3,84,2679,44,315.9,415.8,85.0,3,476,82.0,6,0,5,0.1,49,MID,17.1
Tom,Cairney,1,0,29,545,9,106.6,84.2,49.0,1,119,24.0,1,0,3,0.0,48,MID,6.0
Saša,Lukić,1,3,52,1280,17,365.3,250.0,129.0,3,236,74.3,4,0,6,0.1,49,MID,10.6
Martial,Godo,0,0,0,0,0,0.0,0.0,0.0,0,0,0.0,0,0,0,0.0,45,MID,0.0
Luke,Harris,0,0,0,0,0,0.0,0.0,0.0,0,0,0.0,0,0,0,0.0,45,MID,0.0
Josh,King,1,3,58,1172,18,154.9,187.2,299.0,3,192,63.2,5,0,3,1.8,44,MID,13.2
Harrison,Reed,1,0,13,26,1,19.0,38.6,11.0,2,41,6.8,0,0,0,0.3,43,MID,3.0
Raúl,Jiménez Rodríguez,9,5,105,1982,25,303.7,467.6,694.0,7,385,146.0,8,0,5,2.3,61,FWD,17.2
Rodrigo,Muniz Carvalho,1,1,27,653,11,89.3,94.6,214.0,3,72,38.7,1,0,1,0.7,53,FWD,5.1
Oscar,Bobb,0,2,33,804,12,247.7,109.6,155.0,0,139,51.5,3,0,1,0.2,51,MID,6.5
Benjamin,Lecomte,0,0,0,0,0,0.0,0.0,0.0,0,0,0.0,0,0,0,0.7,39,GK,0.0
Samuel,Chukwueze,3,4,53,810,16,277.8,257.0,226.0,1,215,75.8,1,0,0,0.1,53,MID,10.0
Kevin,Santos Lopes de Macedo,1,2,43,898,15,231.6,200.8,206.0,0,158,63.6,4,0,1,0.1,57,MID,7.5
Jonah,Kusi-Asare,0,0,4,30,2,11.4,1.2,8.0,0,11,2.1,0,0,1,0.1,45,FWD,0.9
Seth,Ridgeon,0,0,0,0,0,0.0,0.0,0.0,0,0,0.0,0,0,0,0.0,45,MID,0.0
Alfie,McNally,0,0,0,0,0,0.0,0.0,0.0,0,0,0.0,0,0,0,0.0,40,GK,0.0
Facundo,Buonanotte,0,0,2,69,2,25.7,6.0,19.0,0,5,5.0,0,0,1,0.1,46,MID,0.4
Illan,Meslier,0,0,0,0,0,0.0,0.0,0.0,0,0,0.0,0,0,0,0.3,41,GK,0.0
Alex,Cairns,0,0,0,0,0,0.0,0.0,0.0,0,0,0.0,0,0,0,0.1,39,GK,0.0
Karl,Darlow,0,0,46,1440,20,0.0,363.6,0.0,0,223,36.6,3,0,1,6.2,39,GK,11.8
Jayden,Bogle,1,4,82,2493,42,284.5,375.8,206.0,1,255,86.8,5,0,6,0.9,44,DEF,18.6
Pascal,Struijk,0,1,95,2520,41,146.4,614.4,252.0,3,359,101.3,6,0,4,3.3,43,DEF,22.1
Jaka,Bijol,1,2,70,1396,22,50.7,374.2,218.0,5,222,64.2,3,0,3,1.2,39,DEF,17.9
Sebastiaan,Bornauw,0,0,17,304,4,5.6,78.4,10.0,0,48,9.4,1,0,1,0.1,38,DEF,4.5
Sam,Byram,0,0,1,7,1,0.0,0.0,0.0,0,-2,0.0,0,0,0,0.3,37,DEF,0.3
Gabriel,Gudmundsson,0,0,61,2457,43,346.5,408.0,154.0,8,253,90.9,4,1,4,3.4,38,DEF,16.1
Joe,Rodon,2,0,99,2546,46,86.7,611.8,183.0,5,330,88.4,5,0,1,3.2,39,DEF,25.4
Isaac,Schmidt,0,0,0,0,0,0.0,0.0,0.0,0,0,0.0,0,0,0,0.1,40,DEF,0.0
Brenden,Aaronson,4,7,114,2060,28,406.8,417.0,448.0,5,389,127.1,8,0,1,1.4,54,MID,21.1
Wilfried,Gnonto,0,2,23,393,11,90.7,62.8,43.0,0,91,19.5,1,0,3,0.1,51,MID,4.5
Jack,Harrison,0,0,12,262,5,49.4,30.0,35.0,0,51,11.5,0,0,0,0.0,51,MID,2.4
Daniel,James,0,0,18,405,13,113.3,47.2,103.0,0,72,26.5,1,0,0,0.1,52,MID,3.5
Ethan,Ampadu,1,2,105,2579,42,329.2,513.6,112.0,6,479,95.8,6,0,8,0.6,49,MID,21.4
Sam,Greenwood,0,0,0,0,0,0.0,0.0,0.0,0,0,0.0,0,0,0,0.0,49,MID,0.0
Ilia,Gruev,0,4,55,1306,23,170.9,197.8,64.0,3,242,43.0,5,0,3,0.1,47,MID,11.7
Largie,Ramazani,0,0,0,0,0,0.0,0.0,0.0,0,0,0.0,0,0,0,0.0,49,MID,0.0
Tanaka,Ao,2,0,46,832,17,202.1,170.4,91.0,2,189,46.3,2,0,1,0.2,48,MID,9.6
Charlie,Crew,0,0,0,0,0,0.0,0.0,0.0,0,0,0.0,0,0,0,0.0,45,MID,0.0
Joe,Gelhardt,0,0,0,0,0,0.0,0.0,0.0,0,0,0.0,0,0,0,0.0,45,MID,0.0
Darko,Gyabi,0,0,0,0,0,0.0,0.0,0.0,0,0,0.0,0,0,0,0.0,45,MID,0.0
Joël,Piroe,0,0,14,215,7,36.9,10.6,96.0,0,34,13.8,1,0,0,0.3,49,FWD,2.9
Patrick,Bamford,0,0,0,0,0,0.0,0.0,0.0,0,0,0.0,0,0,0,0.3,49,FWD,0.0
Mateo,Joseph Fernández-Regatillo,0,0,0,0,0,0.0,0.0,0.0,0,0,0.0,0,0,0,0.0,50,FWD,0.0
Lukas,Nmecha,6,1,66,866,18,94.5,260.6,346.0,8,236,70.2,3,0,0,0.6,50,FWD,13.2
Sean,Longstaff,1,2,45,947,19,359.4,240.6,71.0,4,237,67.1,1,0,2,0.2,48,MID,9.4
Anton,Stach,4,6,122,2135,34,847.6,587.2,286.0,11,498,172.3,6,0,3,1.9,48,MID,25.4
Lucas Estella,Perri,0,0,43,1440,29,0.0,322.4,0.0,3,153,32.2,3,0,2,0.3,44,GK,9.8
Dominic,Calvert-Lewin,10,2,112,2203,29,257.1,463.0,867.0,16,360,157.7,6,0,1,12.0,56,FWD,20.0
Noah,Okafor,6,2,83,1360,25,202.2,330.8,357.0,6,278,89.0,4,0,3,1.1,55,MID,15.1
James,Justin,1,1,62,1353,19,156.7,312.2,149.0,6,232,61.9,4,0,3,1.4,39,DEF,15.9
Harry,Gray,0,0,0,0,0,0.0,0.0,0.0,0,0,0.0,0,0,0,0.1,45,FWD,0.0
Sam,Chambers,0,0,0,0,0,0.0,0.0,0.0,0,0,0.0,0,0,0,0.0,44,MID,0.0
Alisson,Becker,0,0,89,2250,30,0.1,468.4,0.0,8,382,46.7,8,0,1,5.6,54,GK,16.5
Giorgi,Mamardashvili,0,0,30,630,12,0.0,199.6,0.0,2,114,19.9,2,0,0,0.7,41,GK,7.3
Ármin,Pécsi,0,0,0,0,0,0.0,0.0,0.0,0,0,0.0,0,0,0,0.9,38,GK,0.0
Freddie,Woodman,0,0,0,0,0,0.0,0.0,0.0,0,0,0.0,0,0,0,0.2,39,GK,0.0
Jeremie,Frimpong,0,5,57,815,9,214.0,118.0,139.0,1,227,47.2,5,0,1,5.1,57,DEF,10.0
Milos,Kerkez,2,1,79,2026,31,381.2,410.0,135.0,4,335,92.8,6,0,4,3.1,56,DEF,14.1
Andrew,Robertson,0,0,43,854,11,255.5,168.6,97.0,4,174,52.3,4,0,0,1.0,57,DEF,7.5
Virgil,van Dijk,3,1,144,2880,42,197.2,951.0,391.0,10,505,153.9,10,0,4,31.3,63,DEF,22.9
Ibrahima,Konaté,1,0,117,2570,34,142.3,661.6,96.0,8,467,90.2,10,0,6,4.0,55,DEF,21.3
Conor,Bradley,0,2,42,928,13,105.2,157.4,62.0,2,157,32.3,4,0,5,0.1,49,DEF,8.6
Joe,Gomez,0,2,31,512,12,71.6,114.6,26.0,2,91,21.3,2,0,2,0.2,49,DEF,6.3
Konstantinos,Tsimikas,0,0,0,0,0,0.0,0.0,0.0,0,0,0.0,0,0,0,0.0,48,DEF,0.0
Amara,Nallo,0,0,0,0,0,0.0,0.0,0.0,0,0,0.0,0,0,0,1.0,37,DEF,0.0
Rhys,Williams,0,0,0,0,0,0.0,0.0,0.0,0,0,0.0,0,0,0,0.6,37,DEF,0.0
Calvin,Ramsay,0,0,0,0,0,0.0,0.0,0.0,0,0,0.0,0,0,0,0.2,37,DEF,0.0
Mohamed,Salah,6,6,105,1907,32,672.9,445.8,712.0,7,332,183.1,7,0,1,14.0,140,MID,7.5
Florian,Wirtz,4,4,111,2070,25,804.2,461.6,591.0,16,465,185.6,10,0,1,8.9,83,MID,13.4
Luis,Díaz Marulanda,0,0,0,0,0,0.0,0.0,0.0,0,0,0.0,0,0,0,0.0,80,MID,0.0
Cody,Gakpo,6,4,112,2234,29,609.5,453.8,711.0,5,394,177.3,10,0,2,5.6,73,MID,15.3
Federico,Chiesa,2,1,34,277,7,46.9,119.8,147.0,0,125,31.1,0,0,3,0.3,63,MID,5.4
Alexis,Mac Allister,2,3,86,2198,31,440.8,388.6,304.0,6,399,113.4,7,0,5,2.1,63,MID,13.7
Dominik,Szoboszlai,5,3,128,2692,41,1034.3,700.6,321.0,17,628,205.5,9,1,7,12.7,71,MID,18.0
Curtis,Jones,0,2,55,1387,26,336.6,259.4,185.0,3,312,78.1,3,0,1,0.1,54,MID,10.2
Ryan,Gravenberch,4,5,125,2563,34,422.6,602.0,173.0,14,587,119.5,9,0,5,4.3,55,MID,22.7
Endo,Wataru,0,1,12,170,5,18.1,56.0,6.0,0,49,8.0,1,0,1,0.1,49,MID,2.4
Stefan,Bajčetić Maquieira,0,0,0,0,0,0.0,0.0,0.0,0,0,0.0,0,0,0,0.1,42,MID,0.0
James,McConnell,0,0,0,0,0,0.0,0.0,0.0,0,0,0.0,0,0,0,0.0,44,MID,0.0
Tyler,Morton,0,0,0,0,0,0.0,0.0,0.0,0,0,0.0,0,0,0,0.0,45,MID,0.0
Trey,Nyoni,0,0,5,14,1,12.7,2.4,4.0,0,9,1.8,0,0,0,0.3,43,MID,1.2
Darwin,Núñez Ribeiro,0,0,0,0,0,0.0,0.0,0.0,0,0,0.0,0,0,0,0.1,65,FWD,0.0
Jayden,Danns,0,0,0,0,0,0.0,0.0,0.0,0,0,0.0,0,0,0,0.1,43,FWD,0.0
Alexander,Isak,2,1,30,522,7,37.6,105.6,143.0,2,97,27.8,1,0,0,3.6,103,FWD,2.9
Hugo,Ekitiké,11,4,125,1797,25,307.2,525.8,739.0,22,433,156.2,7,0,0,25.0,92,FWD,13.6
Rio,Ngumoha,2,0,31,286,5,153.3,140.6,151.0,3,147,44.6,2,0,0,0.9,43,MID,7.2
Giovanni,Leoni,0,0,0,0,0,0.0,0.0,0.0,0,0,0.0,0,0,0,0.0,49,DEF,0.0
Kieran,Morrison,0,0,0,0,0,0.0,0.0,0.0,0,0,0.0,0,0,0,0.0,45,MID,0.0
Wellity,Lucky,0,0,0,0,0,0.0,0.0,0.0,0,0,0.0,0,0,0,0.0,40,DEF,0.0
Antoine,Semenyo,15,6,176,2680,47,514.8,807.6,892.0,17,582,221.3,9,0,7,57.1,82,MID,21.5
James,Trafford,0,0,11,270,4,0.0,100.2,0.0,0,62,10.1,1,0,0,0.9,45,GK,2.4
Marc,Guéhi,3,4,150,2610,30,240.1,757.4,363.0,12,564,136.1,11,0,5,34.7,51,DEF,29.4
Ederson,Santana de Moraes,0,0,0,0,0,0.0,0.0,0.0,0,0,0.0,0,0,0,0.8,53,GK,0.0
Marcus,Bettinelli,0,0,0,0,0,0.0,0.0,0.0,0,0,0.0,0,0,0,0.4,38,GK,0.0
Rayan,Aït-Nouri,0,2,45,804,8,156.4,176.0,57.0,7,184,38.9,3,0,2,4.3,57,DEF,7.9
Joško,Gvardiol,2,2,77,1301,13,104.7,354.6,193.0,5,291,65.3,6,0,2,3.2,58,DEF,13.3
Manuel,Akanji,0,0,0,0,0,0.0,0.0,0.0,0,0,0.0,0,0,0,0.3,54,DEF,0.0
Nathan,Aké,0,0,27,487,7,93.1,102.0,25.0,1,114,22.1,2,0,1,0.6,52,DEF,5.2
Abdukodir,Khusanov,0,0,41,977,8,71.5,194.0,11.0,0,199,27.8,4,0,2,0.5,54,DEF,7.6
Matheus,Nunes,1,7,134,2354,23,459.1,581.2,115.0,16,574,115.8,10,0,4,3.2,53,DEF,25.3
Rúben,dos Santos Gato Alves Dias,2,0,112,2049,20,139.5,549.2,96.0,4,447,78.6,12,0,3,3.2,55,DEF,20.4
John,Stones,0,0,12,351,8,19.6,76.6,2.0,0,45,9.8,1,0,0,0.6,54,DEF,2.2
Rico,Lewis,0,1,19,311,5,97.3,67.4,43.0,2,75,20.7,1,0,1,1.2,46,DEF,4.1
Nico,O'Reilly,5,3,139,2193,20,364.0,569.2,429.0,8,486,136.3,12,0,4,13.1,50,DEF,27.8
Vitor,de Oliveira Nunes dos Reis,0,0,0,0,0,0.0,0.0,0.0,0,0,0.0,0,0,0,0.0,50,DEF,0.0
Omar,Marmoush,1,3,40,566,5,146.4,132.2,229.0,4,122,50.4,3,0,2,2.5,83,MID,4.8
Phil,Foden,7,3,113,1822,16,797.1,512.8,443.0,10,494,175.1,10,0,4,7.9,80,MID,14.1
Sávio,Moreira de Oliveira,0,2,28,575,5,144.2,83.2,236.0,0,94,46.3,2,0,2,0.4,69,MID,4.1
Bernardo,Mota Veiga de Carvalho e Silva,2,4,84,2322,24,621.0,420.4,256.0,4,431,129.9,10,0,9,0.7,62,MID,13.5
Rayan,Cherki,3,11,110,1372,13,745.5,486.2,406.0,13,481,164.0,7,0,1,9.7,63,MID,17.5
Jérémy,Doku,2,7,82,1297,13,615.9,349.2,428.0,9,348,139.1,6,0,0,2.6,64,MID,12.8
İlkay,Gündoğan,0,0,0,0,0,0.0,0.0,0.0,0,0,0.0,0,0,0,0.1,63,MID,0.0
Rodrigo 'Rodri',Hernandez Cascante,1,0,60,1333,13,384.2,322.6,98.0,5,305,80.6,5,0,2,0.5,63,MID,9.5
Mateo,Kovačić,0,0,2,13,0,3.6,4.4,0.0,0,7,0.8,0,0,0,0.0,58,MID,0.3
Nico,González Iglesias,1,0,55,1370,14,185.6,278.6,64.0,1,289,52.8,7,0,6,0.1,59,MID,9.3
Claudio,Echeverri,0,0,0,0,0,0.0,0.0,0.0,0,0,0.0,0,0,0,0.0,54,MID,0.0
Tijjani,Reijnders,5,2,86,1488,16,340.0,339.4,394.0,6,325,106.5,7,0,2,9.2,50,MID,17.2
Sverre,Nypan,0,0,0,0,0,0.0,0.0,0.0,0,0,0.0,0,0,0,0.0,50,MID,0.0
Kalvin,Phillips,0,0,0,0,0,0.0,0.0,0.0,0,0,0.0,0,0,0,0.1,47,MID,0.0
Erling,Haaland,22,7,199,2503,27,267.2,980.0,1254.0,35,791,250.3,11,0,1,60.3,145,FWD,13.7
Gianluigi,Donnarumma,0,0,111,2520,24,0.0,569.8,0.0,3,477,57.1,12,0,6,9.5,56,GK,19.8
Divine,Mukasa,0,0,2,25,0,28.3,4.2,4.0,0,5,3.7,0,0,0,0.0,44,MID,0.5
Stephen,Mfuni,0,0,0,0,0,0.0,0.0,0.0,0,0,0.0,0,0,0,0.0,39,DEF,0.0
Ryan,McAidoo,0,0,0,0,0,0.0,0.0,0.0,0,0,0.0,0,0,0,0.0,45,MID,0.0
Charlie,Gray,0,0,0,0,0,0.0,0.0,0.0,0,0,0.0,0,0,0,0.0,45,MID,0.0
Reigan,Heskey,0,0,0,0,0,0.0,0.0,0.0,0,0,0.0,0,0,0,0.0,45,MID,0.0
Max,Alleyne,0,0,5,135,1,14.8,34.0,26.0,0,27,7.5,0,0,0,0.0,39,DEF,1.3
Bryan,Mbeumo,9,3,123,2211,33,708.1,547.8,755.0,15,451,201.1,5,0,4,19.2,85,MID,14.5
Altay,Bayındır,0,0,11,540,11,10.0,118.4,0.0,0,49,12.8,0,0,0,0.3,47,GK,2.3
André,Onana,0,0,0,0,0,0.0,0.0,0.0,0,0,0.0,0,0,0,0.1,49,GK,0.0
Elyh,Harrison,0,0,0,0,0,0.0,0.0,0.0,0,0,0.0,0,0,0,0.0,40,GK,0.0
Tom,Heaton,0,0,0,0,0,0.0,0.0,0.0,0,0,0.0,0,0,0,0.4,38,GK,0.0
Dermot,Mee,0,0,0,0,0,0.0,0.0,0.0,0,0,0.0,0,0,0,0.1,39,GK,0.0
Matthijs,de Ligt,1,0,43,1170,20,60.2,276.6,122.0,5,169,45.7,1,0,0,1.8,49,DEF,8.8
Lisandro,Martínez,0,0,36,959,13,80.6,232.4,10.0,3,169,32.5,3,1,0,0.4,48,DEF,7.5
Noussair,Mazraoui,0,0,29,679,9,68.0,145.4,33.0,3,140,24.5,2,0,3,0.2,49,DEF,5.9
Diego,León Blanco,0,0,0,0,0,0.0,0.0,0.0,0,0,0.0,0,0,0,0.1,41,DEF,0.0
Diogo,Dalot Teixeira,1,6,99,2249,35,421.0,471.0,188.0,9,366,108.0,6,0,5,4.4,46,DEF,21.5
Patrick,Dorgu,3,3,74,1329,20,354.1,402.4,262.0,8,261,101.9,3,0,5,2.5,41,DEF,18.0
Harry,Maguire,1,1,63,1199,15,38.2,246.0,116.0,3,204,40.3,5,1,3,1.3,44,DEF,14.3
Luke,Shaw,0,1,77,2707,41,289.1,452.0,70.0,0,327,81.2,6,0,6,0.8,45,DEF,17.1
Leny,Yoro,0,1,53,1696,32,82.8,317.6,124.0,1,184,52.3,2,0,1,1.3,41,DEF,12.9
Harry,Amass,0,0,0,0,0,0.0,0.0,0.0,0,0,0.0,0,0,0,0.1,40,DEF,0.0
Tyler,Fredricson,0,0,1,2,0,0.0,4.0,0.0,0,4,0.4,0,0,0,0.2,37,DEF,0.3
Ayden,Heaven,0,1,28,650,12,27.2,178.0,26.0,0,112,23.1,1,0,2,2.1,37,DEF,7.6
Tyrell,Malacia,0,0,2,7,1,0.5,3.6,0.0,0,2,0.4,0,0,0,0.4,37,DEF,0.5
Bruno,Borges Fernandes,8,18,193,2525,41,1538.9,1066.8,516.0,36,822,312.4,4,0,4,44.1,103,MID,18.7
Matheus,Santos Carneiro da Cunha,7,4,118,2158,31,451.2,543.4,675.0,12,481,167.2,6,0,2,8.1,80,MID,14.8
Marcus,Rashford,0,0,0,0,0,0.0,0.0,0.0,0,0,0.0,0,0,0,0.0,70,MID,0.0
Amad,Diallo,2,4,76,1985,29,542.0,385.0,500.0,6,411,142.9,4,0,2,1.4,62,MID,12.3
Antony,dos Santos,0,0,0,0,0,0.0,0.0,0.0,0,0,0.0,0,0,0,0.1,59,MID,0.0
Mason,Mount,3,0,47,813,14,198.8,162.4,158.0,3,167,51.9,3,0,0,0.3,59,MID,8.0
Carlos Henrique,Casimiro,8,4,143,2225,27,481.2,728.0,518.0,17,549,173.0,8,1,8,3.2,57,MID,25.1
Kobbie,Mainoo,0,2,45,1113,17,286.4,230.2,55.0,0,215,57.3,3,0,0,1.1,47,MID,9.6
Manuel,Ugarte Ribeiro,0,0,38,876,23,83.6,167.2,48.0,0,183,29.8,1,0,1,0.1,47,MID,8.1
Toby,Collyer,0,0,0,0,0,0.0,0.0,0.0,0,0,0.0,0,0,0,0.0,45,MID,0.0
Jayce,Fitzgerald,0,0,0,0,0,0.0,0.0,0.0,0,0,0.0,0,0,0,0.0,43,MID,0.0
Jack,Fletcher,0,0,3,107,0,24.4,18.6,5.0,0,10,4.8,0,0,0,0.1,43,MID,0.7
Sékou,Koné,0,0,0,0,0,0.0,0.0,0.0,0,0,0.0,0,0,0,0.1,43,MID,0.0
Jack,Moorhouse,0,0,0,0,0,0.0,0.0,0.0,0,0,0.0,0,0,0,0.0,45,MID,0.0
Rasmus,Højlund,0,0,0,0,0,0.0,0.0,0.0,0,0,0.0,0,0,0,0.3,63,FWD,0.0
Joshua,Zirkzee,2,1,37,509,8,161.8,152.8,195.0,6,130,50.6,1,0,1,0.4,58,FWD,6.4
Chido,Obi,0,0,0,0,0,0.0,0.0,0.0,0,0,0.0,0,0,0,1.4,42,FWD,0.0
Ethan,Wheatley,0,0,0,0,0,0.0,0.0,0.0,0,0,0.0,0,0,0,0.1,45,FWD,0.0
Benjamin,Sesko,9,2,96,1419,29,139.0,411.8,723.0,17,338,126.5,1,0,2,6.1,74,FWD,13.0
Senne,Lammens,0,0,78,2340,34,0.0,487.0,2.0,6,300,48.9,5,0,0,2.8,51,GK,15.3
Shea,Lacey,0,0,2,12,0,1.5,4.0,11.0,0,8,1.5,0,0,0,0.0,45,MID,0.4
Bendito,Mantato,0,0,1,15,0,11.7,2.2,0.0,0,3,1.4,0,0,0,0.0,45,MID,0.2
Tyler,Fletcher,0,0,1,1,0,1.0,0.4,0.0,0,3,0.1,0,0,0,0.0,44,MID,0.2
Godwill,Kukonki,0,0,0,0,0,0.0,0.0,0.0,0,0,0.0,0,0,0,0.0,40,DEF,0.0
Jacob,Ramsey,2,1,40,1080,25,234.8,207.0,130.0,1,207,57.2,1,1,3,0.2,53,MID,7.5
Yoane,Wissa,1,0,21,423,9,35.8,54.0,139.0,0,64,22.1,1,0,1,0.6,73,FWD,2.9
Nick,Pope,0,1,82,1966,32,0.0,505.8,35.0,3,336,54.1,7,0,1,4.3,50,GK,16.4
Mark,Gillespie,0,0,0,0,0,0.0,0.0,0.0,0,0,0.0,0,0,0,0.1,39,GK,0.0
Odysseas,Vlachodimos,0,0,0,0,0,0.0,0.0,0.0,0,0,0.0,0,0,0,0.0,40,GK,0.0
Lewis,Hall,1,2,73,1839,34,361.4,480.8,155.0,4,307,99.7,4,0,3,3.9,54,DEF,13.5
Fabian,Schär,0,0,51,1089,13,63.6,291.2,108.0,0,186,46.4,4,0,1,1.1,52,DEF,9.8
Sven,Botman,1,1,68,1294,19,61.5,392.4,155.0,6,251,60.9,5,0,1,0.4,49,DEF,13.9
Dan,Burn,0,3,78,1811,30,88.6,422.4,115.0,5,238,62.7,6,1,7,3.4,50,DEF,15.6
Tino,Livramento,0,1,57,1253,13,195.3,210.2,38.0,3,245,44.3,6,0,1,1.9,49,DEF,11.6
Kieran,Trippier,0,1,50,1456,25,459.7,269.4,12.0,2,211,74.0,5,0,3,1.4,49,DEF,10.2
Emil,Krafth,0,0,0,45,2,1.2,1.4,0.0,0,-8,0.3,0,0,0,0.0,43,DEF,0.0
Jamaal,Lascelles,0,0,1,19,2,0.0,10.2,7.0,0,0,1.7,0,0,0,0.0,43,DEF,0.2
Alex,Murphy,0,0,1,1,1,0.0,2.2,0.0,0,-1,0.2,0,0,0,0.7,38,DEF,0.3
Harrison,Ashby,0,0,0,0,0,0.0,0.0,0.0,0,0,0.0,0,0,0,0.1,39,DEF,0.0
Miodrag,Pivaš,0,0,0,0,0,0.0,0.0,0.0,0,0,0.0,0,0,0,0.4,38,DEF,0.0
Matt,Targett,0,0,0,0,0,0.0,0.0,0.0,0,0,0.0,0,0,0,0.1,40,DEF,0.0
Anthony,Gordon,6,4,101,1798,30,404.2,393.8,514.0,10,352,130.9,8,1,3,6.9,74,MID,13.6
Anthony,Elanga,0,1,43,1208,26,261.4,125.2,169.0,0,165,55.3,2,0,0,2.7,65,MID,6.6
Harvey,Barnes,5,0,84,1667,26,315.1,302.0,582.0,8,270,119.5,5,0,1,1.1,61,MID,13.8
Bruno,Guimarães Rodriguez Moura,9,6,134,2019,31,634.3,682.6,365.0,19,584,168.3,6,0,5,4.3,68,MID,19.7
Jacob,Murphy,3,1,67,1326,16,332.9,278.2,319.0,2,267,92.1,7,0,1,0.6,59,MID,11.4
Joelinton Cássio,Apolinário de Lira,2,1,67,1770,25,262.6,304.6,311.0,2,281,87.9,5,0,10,0.3,59,MID,11.4
Sandro,Tonali,0,2,73,2127,33,448.7,344.4,165.0,2,404,96.1,7,0,3,1.1,53,MID,13.8
Antoñito,Cordero Campillo,0,0,0,0,0,0.0,0.0,0.0,0,0,0.0,0,0,0,0.0,49,MID,0.0
Joe,Willock,0,1,28,693,13,147.8,96.2,112.0,0,114,35.5,3,0,3,0.1,50,MID,5.6
Isaac,Hayden,0,0,0,0,0,0.0,0.0,0.0,0,0,0.0,0,0,0,0.0,45,MID,0.0
Garang,Kuol,0,0,0,0,0,0.0,0.0,0.0,0,0,0.0,0,0,0,0.0,44,MID,0.0
Lewis,Miley,1,4,64,1223,18,232.0,297.0,132.0,5,296,66.1,2,0,0,1.8,44,MID,14.5
Joe,White,0,0,0,0,0,0.0,0.0,0.0,0,0,0.0,0,0,0,0.0,45,MID,0.0
William,Osula,3,1,39,364,8,18.2,112.6,137.0,4,142,26.6,1,0,0,0.2,54,FWD,7.2
Sean,Neave,0,0,0,0,0,0.0,0.0,0.0,0,0,0.0,0,0,0,0.3,43,FWD,0.0
Aaron,Ramsdale,0,0,24,913,15,10.0,200.2,0.0,1,104,21.0,1,0,2,0.8,48,GK,5.0
Malick,Thiaw,4,0,116,2423,44,105.3,750.2,356.0,12,371,120.8,5,0,4,6.1,51,DEF,22.7
Seung-Soo,Park,0,0,0,0,0,0.0,0.0,0.0,0,0,0.0,0,0,0,0.5,43,MID,0.0
Nick,Woltemade,7,4,94,1666,27,206.6,390.0,390.0,10,334,97.6,7,0,0,6.6,67,FWD,14.0
John,Ruddy,0,0,0,0,0,0.0,0.0,0.0,0,0,0.0,0,0,0,0.0,40,GK,0.0
Leo,Shahar,0,0,0,0,0,0.0,0.0,0.0,0,0,0.0,0,0,0,0.0,40,DEF,0.0
Sam,Alabi,0,0,0,0,0,0.0,0.0,0.0,0,0,0.0,0,0,0,0.0,45,MID,0.0
Oleksandr,Zinchenko,0,0,7,352,6,83.4,80.8,22.0,0,56,18.6,0,0,0,0.2,49,DEF,1.4
Stefan,Ortega Moreno,0,0,11,270,4,0.0,68.6,0.0,0,38,6.9,1,0,0,0.2,47,GK,2.3
James,McAtee,0,0,9,173,8,45.5,17.6,12.0,0,32,7.6,0,0,1,0.1,50,MID,1.8
Matz,Sels,0,0,80,2127,32,10.0,536.8,0.0,3,328,54.7,6,0,2,4.9,46,GK,17.4
Carlos Miguel,dos Santos Pereira,0,0,0,0,0,0.0,0.0,0.0,0,0,0.0,0,0,0,0.1,40,GK,0.0
Matt,Turner,0,0,0,0,0,0.0,0.0,0.0,0,0,0.0,0,0,0,0.1,40,GK,0.0
Nikola,Milenković,0,0,98,2880,44,41.4,572.2,108.0,2,338,72.4,8,0,6,3.2,51,DEF,19.2
Murillo,Costa dos Santos,1,0,82,2089,29,115.2,530.6,82.0,3,325,72.8,6,0,5,2.2,52,DEF,15.8
Ola,Aina,0,1,56,1407,18,156.8,255.6,57.0,5,224,47.1,5,0,3,2.4,47,DEF,11.9
Neco,Williams,2,3,115,2708,41,496.7,704.0,325.0,15,474,152.5,8,1,5,3.8,47,DEF,24.5
David,Mota Veiga Teixeira do Carmo,0,0,0,0,0,0.0,0.0,0.0,0,0,0.0,0,0,0,0.0,45,DEF,0.0
Jair,Paula da Cunha Filho,0,0,5,214,4,0.8,46.2,10.0,0,18,5.6,0,0,0,0.1,42,DEF,1.2
Felipe,Rodrigues da Silva,0,0,35,938,17,20.8,233.8,59.0,1,145,31.4,2,0,4,0.1,43,DEF,8.1
Omar,Richards,0,0,0,0,0,0.0,0.0,0.0,0,0,0.0,0,0,0,0.0,45,DEF,0.0
Zach,Abbott,0,0,2,120,4,6.3,25.4,0.0,0,1,3.2,0,0,0,0.3,38,DEF,0.5
Willy,Boly,0,0,0,0,0,0.0,0.0,0.0,0,0,0.0,0,0,0,0.3,38,DEF,0.0
Morgan,Gibbs-White,9,2,135,2723,40,654.5,576.4,646.0,11,526,187.5,9,0,1,5.3,74,MID,18.2
Callum,Hudson-Odoi,3,4,88,1838,26,611.7,366.6,330.0,8,358,130.6,6,0,0,0.7,57,MID,15.4
Elliot,Anderson,2,3,142,2863,43,849.0,715.6,253.0,10,649,182.1,9,0,6,7.7,56,MID,25.4
João Pedro,Ferreira da Silva,0,0,1,11,0,0.5,5.0,4.0,0,6,1.0,0,0,0,0.0,54,MID,0.2
Nicolás,Domínguez,1,0,39,938,18,155.9,192.4,126.0,3,171,47.5,3,0,2,0.0,50,MID,7.8
Lewis,O'Brien,0,0,0,0,0,0.0,0.0,0.0,0,0,0.0,0,0,0,0.0,50,MID,0.0
Ibrahim,Sangaré,2,2,79,1854,23,185.7,384.6,124.0,2,328,69.6,8,0,5,0.1,49,MID,16.1
Ryan,Yates,0,1,21,405,5,48.7,79.4,38.0,0,88,16.4,0,0,1,0.1,47,MID,4.5
Eric,da Silva Moreira,0,0,0,0,0,0.0,0.0,0.0,0,0,0.0,0,0,0,0.1,45,MID,0.0
Marko,Stamenić,0,0,0,0,0,0.0,0.0,0.0,0,0,0.0,0,0,0,0.0,45,MID,0.0
Chris,Wood,2,0,26,563,8,51.4,77.6,188.0,3,86,30.7,1,0,0,4.5,71,FWD,3.7
Igor Jesus,Maciel da Cruz,3,4,83,1882,32,180.4,258.6,565.0,8,276,98.0,8,0,0,1.3,58,FWD,14.3
Taiwo,Awoniyi,2,0,20,268,2,41.9,85.4,151.0,1,81,27.3,0,0,1,0.3,52,FWD,3.8
Dan,Ndoye,1,2,50,1167,17,217.7,166.4,180.0,4,178,56.6,2,0,1,0.7,55,MID,9.1
Angus,Gunn,0,0,1,45,0,0.0,1.2,0.0,0,4,0.1,0,0,0,1.1,40,GK,0.2
Omari,Hutchinson,1,5,65,1341,18,420.8,261.2,306.0,3,264,98.6,5,0,1,0.1,54,MID,12.0
Arnaud,Kalimuendo,0,0,9,89,3,17.7,6.8,39.0,0,24,6.3,0,0,0,0.1,60,FWD,1.5
John Victor,Maciel Furtado,0,0,11,437,8,0.0,56.4,0.0,0,32,5.7,1,0,1,0.3,40,GK,2.8
Nicolò,Savona,2,0,39,1025,18,123.2,216.6,94.0,0,131,43.5,3,0,2,0.1,45,DEF,8.7
Luis Eduardo,Soares da Silva,0,0,0,0,0,0.0,0.0,0.0,0,0,0.0,0,0,0,0.0,45,DEF,0.0
Dilane,Bakwa,0,1,14,342,8,113.9,49.8,78.0,0,55,23.8,0,0,1,0.0,59,MID,2.4
Lorenzo,Lucca,1,0,8,119,1,12.7,37.2,31.0,0,34,7.9,1,0,0,0.0,54,FWD,1.5
Luca,Netz,0,0,2,48,0,1.7,7.8,2.0,0,8,1.1,0,0,0,0.0,45,DEF,0.4
Anthony,Patterson,0,0,0,0,0,0.0,0.0,0.0,0,0,0.0,0,0,0,0.2,42,GK,0.0
Simon,Moore,0,0,0,0,0,0.0,0.0,0.0,0,0,0.0,0,0,0,0.3,39,GK,0.0
Blondy,Nna Noukeu,0,0,0,0,0,0.0,0.0,0.0,0,0,0.0,0,0,0,0.1,39,GK,0.0
Daniel,Ballard,2,2,118,2004,28,177.3,637.4,353.0,9,363,116.9,6,0,3,3.1,47,DEF,25.1
Trai,Hume,0,1,88,2587,33,301.3,408.6,193.0,6,313,89.4,8,0,9,0.3,45,DEF,19.6
Aji,Alese,0,0,0,0,0,0.0,0.0,0.0,0,0,0.0,0,0,0,0.0,40,DEF,0.0
Joe,Anderson,0,0,0,0,0,0.0,0.0,0.0,0,0,0.0,0,0,0,0.3,38,DEF,0.0
Dennis,Cirkin,0,0,14,301,2,8.9,58.2,8.0,0,44,7.1,1,0,1,0.0,40,DEF,3.5
Leo Fuhr,Hjelde,0,0,0,0,0,0.0,0.0,0.0,0,0,0.0,0,0,0,0.0,40,DEF,0.0
Niall,Huggins,0,0,0,0,0,0.0,0.0,0.0,0,0,0.0,0,0,0,0.1,40,DEF,0.0
Zak,Johnson,0,0,0,0,0,0.0,0.0,0.0,0,0,0.0,0,0,0,0.2,38,DEF,0.0
Luke,O'Nien,0,0,16,318,1,4.8,35.4,12.0,0,56,5.2,2,1,1,0.1,40,DEF,4.0
Timothée,Pembélé,0,0,0,0,0,0.0,0.0,0.0,0,0,0.0,0,0,0,0.3,39,DEF,0.0
Reinildo,Mandava,0,2,58,1518,20,96.4,304.0,37.0,6,212,43.9,5,1,7,2.8,38,DEF,15.3
Jenson,Seelt,0,0,2,133,2,2.4,33.6,0.0,0,11,3.6,0,0,0,0.1,40,DEF,0.5
Simon,Adingra,1,1,34,649,8,116.8,81.4,75.0,3,81,27.0,4,0,2,0.3,49,MID,6.9
Habib,Diarra,2,5,57,1189,11,101.5,135.0,188.0,3,175,41.4,5,0,4,0.1,53,MID,10.8
Patrick,Roberts,0,0,1,27,1,7.3,1.8,5.0,0,4,1.4,0,0,0,0.0,54,MID,0.2
Milan,Aleksić,0,0,0,0,0,0.0,0.0,0.0,0,0,0.0,0,0,0,0.0,49,MID,0.0
Enzo,Le Fée,4,4,111,2390,31,604.5,556.6,203.0,8,462,136.6,9,0,5,1.0,49,MID,22.7
Romaine,Mundle,0,0,14,399,11,33.6,29.4,69.0,0,42,12.7,0,0,1,0.0,49,MID,2.9
Dan,Neil,0,0,3,13,0,1.4,3.0,0.0,0,10,0.4,0,0,0,0.0,48,MID,0.6
Ian,Poveda-Ocampo,0,0,0,0,0,0.0,0.0,0.0,0,0,0.0,0,0,0,0.0,47,MID,0.0
Chris,Rigg,0,0,23,637,4,121.4,54.2,61.0,1,90,23.6,3,0,1,0.0,47,MID,4.9
Noah,Sadiki,0,1,64,2384,30,235.1,288.8,113.0,0,338,63.8,8,0,7,0.1,49,MID,13.1
Chemsdine,Talbi,4,2,76,1328,12,195.6,228.0,215.0,6,231,63.4,6,0,0,0.2,49,MID,15.5
Abdoullah,Ba,0,0,0,0,0,0.0,0.0,0.0,0,0,0.0,0,0,0,0.3,43,MID,0.0
Alan,Browne,0,0,0,0,0,0.0,0.0,0.0,0,0,0.0,0,0,0,0.0,45,MID,0.0
Pierre,Ekwah Elimby,0,0,0,0,0,0.0,0.0,0.0,0,0,0.0,0,0,0,0.0,45,MID,0.0
Harrison,Jones,0,0,0,0,0,0.0,0.0,0.0,0,0,0.0,0,0,0,0.1,43,MID,0.0
Jay,Matete,0,0,0,0,0,0.0,0.0,0.0,0,0,0.0,0,0,0,0.2,43,MID,0.0
Nectarios,Triantis,0,0,0,0,0,0.0,0.0,0.0,0,0,0.0,0,0,0,0.0,44,MID,0.0
Wilson,Isidor,4,1,61,1057,15,24.2,168.8,384.0,7,196,57.6,4,0,1,1.3,50,FWD,12.2
Eliezer,Mayenda Dossou,2,0,39,750,9,53.8,117.6,188.0,5,121,35.5,3,0,0,0.5,52,FWD,7.5
Ahmed,Abdullahi,0,0,0,0,0,0.0,0.0,0.0,0,0,0.0,0,0,0,0.4,42,FWD,0.0
Luís Hemir,Silva Semedo,0,0,0,0,0,0.0,0.0,0.0,0,0,0.0,0,0,0,0.1,44,FWD,0.0
Nazarii,Rusyn,0,0,0,0,0,0.0,0.0,0.0,0,0,0.0,0,0,0,0.1,44,FWD,0.0
Granit,Xhaka,1,5,104,2361,27,484.9,581.6,91.0,5,498,115.7,8,0,5,3.2,51,MID,20.4
Robin,Roefs,0,0,121,2610,34,40.0,759.4,0.0,12,516,79.8,9,0,3,7.7,48,GK,25.2
Arthur,Masuaku,0,0,1,125,2,20.1,21.8,7.0,0,4,4.9,0,0,1,0.5,39,DEF,0.3
Omar,Alderete,1,1,111,2443,31,131.4,688.0,231.0,5,381,105.4,9,0,6,5.9,41,DEF,27.1
Nordi,Mukiele,2,5,129,2244,28,288.5,604.4,166.0,10,432,105.9,8,0,4,6.8,45,DEF,28.7
Lutsharel,Geertruida,0,0,46,1411,21,116.1,238.0,67.0,0,190,42.1,2,0,1,0.1,45,DEF,10.2
Brian,Brobbey,6,1,73,1450,19,133.6,276.4,409.0,11,249,80.3,5,0,5,0.6,53,FWD,13.8
Bertrand,Traoré,1,1,30,634,9,108.4,115.6,135.0,1,118,35.9,3,0,1,0.0,55,MID,5.5
Jenson,Jones,0,0,0,0,0,0.0,0.0,0.0,0,0,0.0,0,0,0,0.0,40,DEF,0.0
Tymur,Tutierov,0,0,0,0,0,0.0,0.0,0.0,0,0,0.0,0,0,0,0.0,45,MID,0.0
Djiamgone Jocelin Ta,Bi,0,0,1,38,0,4.3,3.4,2.0,0,4,1.0,0,0,0,0.0,49,MID,0.2
Melker,Ellborg,0,0,16,270,2,0.0,73.6,0.0,3,62,7.4,1,0,0,0.1,40,GK,4.0
Nilson,Angulo,0,0,9,254,4,28.3,36.2,62.0,0,27,12.6,1,0,0,0.0,50,MID,1.8
Jack,Whittaker,0,0,0,0,0,0.0,0.0,0.0,0,0,0.0,0,0,0,0.0,45,MID,0.0
Jaydon,Jones,0,0,0,0,0,0.0,0.0,0.0,0,0,0.0,0,0,0,0.0,45,MID,0.0
Guglielmo,Vicario,0,0,90,2790,50,10.1,709.2,0.0,6,412,72.2,7,0,1,5.1,47,GK,19.1
Brandon,Austin,0,0,0,0,0,0.0,0.0,0.0,0,0,0.0,0,0,0,0.3,39,GK,0.0
Antonín,Kinský,0,0,2,90,1,0.0,13.2,0.0,0,9,1.3,0,0,0,1.6,39,GK,0.5
Pedro,Porro Sauceda,0,3,84,2253,34,657.7,507.4,143.0,4,373,131.0,7,0,7,9.3,51,DEF,16.5
Cristian,Romero,4,1,91,1869,33,133.6,574.8,223.0,10,305,93.2,5,2,9,3.0,50,DEF,18.2
Kevin,Danso,0,0,39,949,19,12.7,274.6,42.0,1,135,33.0,2,0,4,0.1,42,DEF,9.3
Ben,Davies,1,0,10,136,3,22.2,67.4,52.0,1,29,14.2,0,0,1,0.1,43,DEF,2.3
Radu,Drăgușin,0,0,15,513,13,3.2,122.2,27.0,0,26,15.3,0,0,0,0.0,45,DEF,3.3
Djed,Spence,0,0,60,1806,29,202.2,262.0,172.0,1,220,63.5,7,0,4,0.9,41,DEF,14.6
Destiny,Udogie,0,1,16,929,20,157.2,160.8,88.0,0,68,40.7,0,0,3,0.3,43,DEF,3.7
Micky,van de Ven,4,1,99,2501,44,81.2,606.2,206.0,10,347,89.2,7,1,8,18.1,44,DEF,22.5
Ashley,Phillips,0,0,0,0,0,0.0,0.0,0.0,0,0,0.0,0,0,0,0.0,40,DEF,0.0
Takai,Kōta,0,0,0,0,0,0.0,0.0,0.0,0,0,0.0,0,0,0,0.0,40,DEF,0.0
Luka,Vušković,0,0,0,0,0,0.0,0.0,0.0,0,0,0.0,0,0,0,0.3,39,DEF,0.0
Son,Heung-min,0,0,0,0,0,0.0,0.0,0.0,0,0,0.0,0,0,0,0.1,85,MID,0.0
James,Maddison,0,0,0,0,0,0.0,0.0,0.0,0,0,0.0,0,0,0,0.1,68,MID,0.0
Mohammed,Kudus,2,6,75,1535,20,413.8,333.4,302.0,7,257,104.7,7,0,3,9.3,64,MID,11.7
Dejan,Kulusevski,0,0,0,0,0,0.0,0.0,0.0,0,0,0.0,0,0,0,0.0,64,MID,0.0
Mathys,Tel,3,1,57,920,19,304.2,210.4,252.0,5,198,76.9,1,0,0,0.1,62,MID,9.2
Rodrigo,Bentancur,1,1,64,1407,21,159.7,268.6,85.0,3,269,51.6,5,0,5,0.2,52,MID,12.3
Lucas,Bergvall,1,2,42,904,16,94.5,143.2,139.0,0,138,37.4,3,0,2,0.2,52,MID,8.1
Yves,Bissouma,0,0,13,460,15,18.9,83.8,23.0,0,88,12.6,0,0,3,0.0,52,MID,2.5
Wilson,Odobert,0,2,46,972,13,284.3,158.8,234.0,6,176,67.6,2,0,0,0.0,53,MID,8.7
Manor,Solomon,0,0,0,0,0,0.0,0.0,0.0,0,0,0.0,0,0,0,0.0,54,MID,0.0
Bryan,Gil Salvatierra,0,0,0,0,0,0.0,0.0,0.0,0,0,0.0,0,0,0,0.0,49,MID,0.0
Archie,Gray,2,2,59,1430,27,137.9,250.4,141.0,6,229,52.9,5,0,5,0.2,48,MID,12.3
Mikey,Moore,0,0,0,0,0,0.0,0.0,0.0,0,0,0.0,0,0,0,0.0,50,MID,0.0
Pape Matar,Sarr,2,3,66,1349,22,151.6,314.8,152.0,2,293,62.0,3,0,2,1.1,45,MID,14.7
Yang,Min-hyeok,0,0,0,0,0,0.0,0.0,0.0,0,0,0.0,0,0,0,0.0,45,MID,0.0
Callum,Olusesi,0,0,1,14,0,1.8,0.6,0.0,0,3,0.2,0,0,0,0.2,43,MID,0.2
Dominic,Solanke-Mitchell,3,0,37,868,19,68.2,183.0,307.0,4,167,55.7,0,0,1,1.1,72,FWD,5.1
Richarlison,de Andrade,9,3,95,1562,24,191.3,488.6,662.0,13,426,133.6,5,0,5,5.6,63,FWD,15.1
Will,Lankshear,0,0,0,0,0,0.0,0.0,0.0,0,0,0.0,0,0,0,0.0,45,FWD,0.0
Dane,Scarlett,0,0,2,7,0,4.1,1.0,2.0,0,5,0.7,0,0,0,0.5,43,FWD,0.5
João Maria,Lobo Alves Palhares Costa Palhinha Gonçalves,3,3,95,1803,32,116.0,498.4,170.0,11,400,78.7,4,0,6,0.7,55,MID,17.3
Xavi,Simons,1,4,66,1595,34,481.9,294.2,219.0,5,302,99.5,3,1,4,1.2,65,MID,10.2
Randal,Kolo Muani,1,1,44,1313,27,235.6,152.4,215.0,1,128,59.3,3,0,2,0.4,69,FWD,6.4
Jun'ai,Byfield,0,0,1,1,0,0.5,0.4,0.0,0,3,0.1,0,0,0,0.0,40,DEF,0.2
James,Rowswell,0,0,1,1,0,0.0,0.0,0.0,0,3,0.0,0,0,0,0.0,40,DEF,0.2
Yusuf,Akhamrich,0,0,0,0,0,0.0,0.0,0.0,0,0,0.0,0,0,0,0.0,45,MID,0.0
Lucá,Williams-Barnett,0,0,0,0,0,0.0,0.0,0.0,0,0,0.0,0,0,0,0.0,45,MID,0.0
Conor,Gallagher,0,1,22,667,18,123.1,98.0,86.0,0,111,30.7,0,0,0,0.1,50,MID,4.4
João Victor,de Souza Menezes,0,0,3,142,3,31.9,12.8,17.0,0,0,6.2,0,0,1,0.0,40,DEF,0.8
Rio,Kyerematen,0,0,0,0,0,0.0,0.0,0.0,0,0,0.0,0,0,0,0.0,45,MID,0.0
James,Wilson,0,0,0,0,0,0.0,0.0,0.0,0,0,0.0,0,0,0,0.0,45,FWD,0.0
Adama,Traoré Diarra,0,0,24,360,11,68.5,29.2,68.0,0,71,16.0,0,0,1,0.2,51,MID,4.7
Alphonse,Areola,0,1,51,1800,37,10.0,570.4,0.0,2,220,57.9,0,0,0,2.0,42,GK,12.1
Wes,Foderingham,0,0,0,0,0,0.0,0.0,0.0,0,0,0.0,0,0,0,0.2,40,GK,0.0
Krisztián,Hegyi,0,0,0,0,0,0.0,0.0,0.0,0,0,0.0,0,0,0,0.2,39,GK,0.0
El Hadji Malick,Diouf,0,6,88,2183,40,296.8,462.4,88.0,3,288,84.9,7,0,4,2.4,41,DEF,21.5
Emerson,Palmieri dos Santos,0,0,0,0,0,0.0,0.0,0.0,0,0,0.0,0,0,0,0.1,44,DEF,0.0
Maximilian,Kilman,0,0,36,1559,37,55.8,392.4,60.0,0,80,50.9,1,0,4,0.1,41,DEF,8.8
Konstantinos,Mavropanos,3,0,98,1992,36,51.8,638.2,240.0,5,295,93.0,4,0,2,0.6,44,DEF,22.3
Nayef,Aguerd,0,0,3,180,8,3.9,39.0,8.0,0,-1,5.1,0,0,0,0.0,44,DEF,0.7
Ollie,Scarles,0,1,21,654,16,71.7,138.2,22.0,0,86,23.2,0,0,1,0.0,43,DEF,4.9
Jean-Clair,Todibo,0,1,44,1701,34,65.5,370.6,24.0,1,161,46.1,1,1,4,0.1,43,DEF,10.2
Aaron,Wan-Bissaka,0,3,63,1903,39,289.7,406.6,30.0,0,190,73.0,3,0,4,4.5,41,DEF,15.4
Kaelan,Casey,0,0,0,0,0,0.0,0.0,0.0,0,0,0.0,0,0,0,0.1,40,DEF,0.0
Lucas,Tolentino Coelho de Lima,4,2,69,1513,33,397.2,374.6,186.0,8,291,95.7,3,1,5,1.1,59,MID,11.7
Tomáš,Souček,4,2,82,1678,36,149.4,417.0,352.0,6,326,92.0,5,1,2,0.3,57,MID,14.4
Crysencio,Summerville,5,3,95,1933,34,343.2,371.0,487.0,10,334,119.8,6,0,4,1.3,55,MID,17.3
Edson,Álvarez Velázquez,0,0,0,0,0,0.0,0.0,0.0,0,0,0.0,0,0,0,0.0,49,MID,0.0
Maxwel,Cornet,0,0,0,0,0,0.0,0.0,0.0,0,0,0.0,0,0,0,0.0,49,MID,0.0
Guido,Rodríguez,0,0,8,175,2,6.0,9.8,2.0,0,30,1.7,1,0,1,0.0,48,MID,1.7
Luis Guilherme,Lira dos Santos,0,0,5,121,2,14.5,9.2,4.0,0,11,2.5,0,0,0,0.0,49,MID,1.0
George,Earthy,0,0,1,8,1,1.5,0.0,2.0,0,3,0.4,0,0,0,0.0,45,MID,0.2
Andy,Irving,0,0,9,156,4,52.3,31.6,2.0,0,49,8.6,0,0,0,0.2,43,MID,2.1
Lewis,Orford,0,0,0,0,0,0.0,0.0,0.0,0,0,0.0,0,0,0,0.1,44,MID,0.0
Freddie,Potts,0,1,36,1151,24,140.8,185.8,37.0,0,212,36.5,1,0,1,0.5,44,MID,8.2
Jarrod,Bowen,8,10,157,2869,55,548.0,737.0,724.0,23,607,200.9,6,0,4,10.0,76,FWD,20.7
Niclas,Füllkrug,0,0,12,407,11,85.1,26.0,130.0,0,28,23.8,1,0,0,0.6,56,FWD,2.1
Callum,Marshall,0,0,2,58,2,0.1,1.2,7.0,0,0,0.8,0,0,0,0.5,43,FWD,0.5
Kyle,Walker-Peters,1,0,38,1044,22,115.1,229.4,102.0,0,158,44.7,2,0,2,0.2,42,DEF,9.0
Callum,Wilson,5,2,66,1045,19,95.8,228.0,404.0,7,228,71.6,1,0,0,0.5,58,FWD,11.4
Mads,Hermansen,0,0,52,1080,20,0.0,299.6,0.0,8,191,30.0,5,0,0,0.5,42,GK,12.4
Mateus Gonçalo,Espanha Fernandes,3,3,109,2477,42,529.7,538.2,112.0,6,543,118.1,6,0,7,0.4,55,MID,19.8
Soungoutou,Magassa,1,0,41,969,23,83.1,181.4,44.0,2,182,30.9,2,0,4,0.0,50,MID,8.2
Lukasz,Fabianski,0,0,0,0,0,0.0,0.0,0.0,0,0,0.0,0,0,0,0.0,45,GK,0.0
Ezra,Mayers,0,0,6,113,3,34.9,21.8,9.0,0,18,6.6,0,0,0,0.0,40,DEF,1.5
Airidas,Golambeckis,0,0,0,0,0,0.0,0.0,0.0,0,0,0.0,0,0,0,0.0,40,DEF,0.0
Mohamadou,Kanté,0,0,7,32,0,12.6,10.4,8.0,0,22,2.7,0,0,1,0.0,45,MID,1.6
Pablo Felipe,Pereira de Jesus,0,1,17,480,7,97.0,67.8,53.0,0,62,21.8,1,0,0,0.0,54,FWD,3.1
Valentín,Castellanos,4,1,42,942,13,148.3,190.4,314.0,3,162,64.0,5,0,3,0.1,55,FWD,7.6
Keiber,Lamadrid,0,0,0,0,0,0.0,0.0,0.0,0,0,0.0,0,0,0,0.0,50,MID,0.0
Axel,Disasi,0,0,27,720,9,14.5,118.0,80.0,0,112,21.3,4,0,0,0.1,45,DEF,6.0
Finlay,Herrick,0,0,0,0,0,0.0,0.0,0.0,0,0,0.0,0,0,0,0.0,40,GK,0.0
Sam,Johnstone,0,0,21,1080,24,0.1,308.0,0.0,0,117,30.8,0,0,0,0.1,44,GK,4.8
José,Malheiro de Sá,0,0,57,1800,34,10.0,432.8,0.0,6,255,44.6,4,0,2,1.2,42,GK,13.6
Daniel,Bentley,0,0,0,0,0,0.0,0.0,0.0,0,0,0.0,0,0,0,0.5,39,GK,0.0
Emmanuel,Agbadou,0,0,23,1100,29,76.0,312.2,75.0,0,86,46.4,0,1,1,0.1,42,DEF,5.5
Matt,Doherty,0,0,12,702,14,50.8,116.2,18.0,0,47,18.6,1,0,4,0.1,44,DEF,2.7
Hugo,Bueno López,1,2,73,2036,37,569.3,485.6,152.0,4,291,121.0,4,0,1,0.2,43,DEF,17.0
Yerson,Mosquera Valdelamar,0,0,51,1777,34,136.5,355.0,219.0,3,196,71.1,4,0,11,0.1,43,DEF,11.9
Rodrigo,Martins Gomes,3,0,35,628,14,65.5,171.6,184.0,0,78,42.3,0,0,0,0.1,44,DEF,8.0
Santiago,Ignacio Bueno,2,2,72,2012,37,98.9,467.2,170.0,2,261,73.5,4,0,4,0.1,44,DEF,16.4
Toti,Gomes,0,0,28,1039,25,78.2,240.4,34.0,0,102,35.3,1,1,1,0.1,42,DEF,6.7
Ki-Jana,Hoever,0,0,10,423,13,87.8,101.4,13.0,0,38,20.3,0,0,0,0.9,38,DEF,2.6
Bastien,Meupiyou Menadjou,0,0,0,0,0,0.0,0.0,0.0,0,0,0.0,0,0,0,0.0,40,DEF,0.0
Pedro,Cardoso de Lima,0,0,3,3,1,0.5,0.2,2.0,0,5,0.2,0,0,0,0.4,40,DEF,0.8
Alfie,Pond,0,0,0,0,0,0.0,0.0,0.0,0,0,0.0,0,0,0,0.9,39,DEF,0.0
Hwang,Hee-chan,2,1,45,1163,23,154.3,132.2,149.0,0,128,42.8,2,0,3,0.1,56,MID,8.0
André,Trindade da Costa Neto,1,0,81,2220,43,258.4,355.2,38.0,4,393,65.1,2,0,9,0.1,52,MID,15.6
Jean-Ricner,Bellegarde,1,1,40,1139,27,180.2,180.6,143.0,0,186,50.0,3,0,5,0.0,51,MID,7.8
Fer,López González,0,1,12,228,9,61.0,29.0,37.0,0,38,12.4,0,0,1,0.0,51,MID,2.4
João Victor,Gomes da Silva,1,2,94,2381,47,305.0,416.8,157.0,6,464,88.4,4,0,9,0.4,53,MID,17.7
Gonçalo Manuel,Ganchinho Guedes,0,0,0,0,0,0.0,0.0,0.0,0,0,0.0,0,0,0,0.0,55,MID,0.0
Marshall,Munetsi,1,2,38,872,19,61.8,163.6,196.0,1,131,42.1,0,0,2,0.0,53,MID,7.2
Boubacar,Traoré,0,0,0,0,0,0.0,0.0,0.0,0,0,0.0,0,0,0,0.0,50,MID,0.0
Tawanda,Chirewa,0,0,2,25,0,0.3,3.2,0.0,0,4,0.4,0,0,0,0.2,43,MID,0.5
Tom,Edozie,1,0,7,11,0,0.4,34.4,23.0,0,24,5.8,0,0,0,0.4,43,MID,1.6
Enso,González Medina,0,0,0,0,0,0.0,0.0,0.0,0,0,0.0,0,0,0,1.2,43,MID,0.0
Joe,Hodge,0,0,0,0,0,0.0,0.0,0.0,0,0,0.0,0,0,0,0.0,45,MID,0.0
Fábio,Soares Silva,0,0,0,0,0,0.0,0.0,0.0,0,0,0.0,0,0,0,0.2,49,FWD,0.0
Saša,Kalajdžić,0,0,1,14,0,4.3,1.0,2.0,0,1,0.7,0,0,0,0.0,49,FWD,0.2
Leon,Chiwome,0,0,0,0,0,0.0,0.0,0.0,0,0,0.0,0,0,0,0.0,44,FWD,0.0
Nathan,Fraser,0,0,0,0,0,0.0,0.0,0.0,0,0,0.0,0,0,0,1.8,42,FWD,0.0
Jhon,Arias,1,0,45,1117,21,204.0,171.0,148.0,2,175,52.1,2,0,1,0.1,49,MID,9.2
David,Møller Wolfe,0,2,29,839,20,110.8,142.0,46.0,0,69,30.0,1,0,1,0.1,42,DEF,6.9
Jackson,Tchatchoua,0,1,51,1785,35,344.0,315.2,69.0,0,156,72.9,3,0,3,0.0,44,DEF,11.6
Ladislav,Krejcí,2,1,59,2127,42,127.9,478.8,223.0,0,197,83.3,3,1,3,0.1,45,DEF,13.1
Tolu,Arokodare,3,2,60,1250,26,172.9,223.8,475.0,4,202,86.4,3,0,1,0.1,53,FWD,11.3
Mateus,Mané,2,2,54,1309,23,243.8,216.4,199.0,6,211,65.2,5,0,0,1.3,43,FWD,12.6
Saheed,Olagunju,0,0,0,0,0,0.0,0.0,0.0,0,0,0.0,0,0,0,0.0,40,DEF,0.0
Luke,Rawlings,0,0,0,0,0,0.0,0.0,0.0,0,0,0.0,0,0,0,0.0,45,MID,0.0
Temple,Ojinnaka,0,0,0,0,0,0.0,0.0,0.0,0,0,0.0,0,0,0,0.0,45,MID,0.0
Ethan,Sutherland,0,0,0,0,0,0.0,0.0,0.0,0,0,0.0,0,0,0,0.0,45,MID,0.0
Jerome,Abbey,0,0,0,0,0,0.0,0.0,0.0,0,0,0.0,0,0,0,0.0,45,MID,0.0
Angel,Gomes,0,0,11,342,5,66.1,41.2,19.0,0,60,12.6,1,0,1,0.0,47,MID,2.3
Adam,Armstrong,1,2,22,637,10,64.0,87.8,64.0,0,83,21.5,3,0,3,0.1,52,FWD,4.2
