id,player_name,games,time,goals,xG,assists,xA,shots,key_passes,yellow_cards,red_cards,position,team_title,npg,npxG,xGChain,xGBuildup
1250,Mohamed Salah,38,3392,29,27.70626749098301,18,15.858334187418222,130,89,1,0,F M,Liverpool,20,20.855747912079096,48.53588879853487,16.20675839856267
5232,Alexander Isak,34,2822,23,22.356988068670034,6,5.44870379474014,99,42,1,0,F,Newcastle United,19,19.312312599271536,26.209551103413105,3.579237926751375
8260,Erling Haaland,31,2749,22,23.95459282770753,3,3.5812273556366563,109,29,2,0,F,Manchester City,19,20.909917432814837,22.845245644450188,3.5353690683841705
4456,Chris Wood,36,3024,20,15.638655036687851,3,3.044111367315054,68,22,1,0,F S,Nottingham Forest,17,13.355148404836655,14.72016467526555,1.6692094188183546
6552,Bryan Mbeumo,38,3419,20,13.63216146454215,7,10.376488702371716,86,70,3,0,D F M,Brentford,15,9.06514835730195,24.377113293856382,9.351834732107818
5786,Yoane Wissa,35,2943,18,20.731059528887272,4,3.4494741149246693,90,28,5,0,F M S,Brentford,18,20.731059528887272,27.726778712123632,5.426989254541695
8865,Ollie Watkins,38,2666,16,18.632458329200745,8,3.87640418484807,84,25,2,0,F S,Aston Villa,14,17.11012053489685,18.900541841983795,3.2909299470484257
7080,Matheus Cunha,33,2617,15,8.446298986673355,6,7.411126339808106,110,56,4,0,F M S,Wolverhampton Wanderers,15,8.446298986673355,18.023087229579687,7.101435688324273
8497,Cole Palmer,37,3228,15,15.77423645183444,8,12.954366408288479,126,87,7,0,M S,Chelsea,11,11.968392122536898,29.99983731843531,9.8022615686059
5735,Jean-Philippe Mateta,37,2690,14,15.83262430690229,2,3.85278513841331,69,29,2,0,F S,Crystal Palace,12,14.31028657220304,18.602611111477017,3.6145096691325307
11070,Jørgen Strand Larsen,35,2624,14,11.689683858305216,4,3.358626527711749,54,19,4,0,F S,Wolverhampton Wanderers,14,11.689683858305216,16.568026771768928,3.4464203380048275
1776,Jarrod Bowen,34,2993,13,9.816103929653764,8,7.633318647742271,87,50,1,0,F M,West Ham,12,9.054935092106462,15.45670910179615,3.2645750464871526
10408,Luis Díaz,36,2433,13,12.3563298471272,5,6.245185255073011,71,56,2,0,F M S,Liverpool,13,12.3563298471272,27.060918375849724,10.240967989899218
4105,Raúl Jiménez,38,2531,12,14.405358291231096,3,4.079181319102645,96,25,4,0,F S,Fulham,9,12.121851704083383,17.43132229242474,5.398588978685439
6963,Justin Kluivert,34,2390,12,10.441609976813197,6,5.512896118685603,63,44,8,0,M S,Bournemouth,6,5.87459684535861,15.81588026881218,6.402966948226094
8868,Liam Delap,37,2671,12,11.930982023477554,2,2.784454360604286,68,20,11,0,F S,Ipswich,10,10.40864434838295,14.707014501094818,3.1533351335674524
9156,Kevin Schade,38,2332,11,9.467997699975967,2,3.714522727765143,55,23,3,0,F M S,Brentford,11,9.467997699975967,15.767545722424984,4.10542070120573
10760,Brennan Johnson,33,2178,11,11.162618312984705,3,2.948688331991434,54,19,5,0,F M S,Tottenham,11,11.162618312984705,16.477571818977594,3.7468922175467014
11363,Antoine Semenyo,37,3219,11,14.549346312880516,5,6.608794005587697,126,46,9,0,F M S,Bournemouth,11,14.549346312880516,26.17976476252079,7.88416787609458
501,Danny Welbeck,30,2152,10,10.456029083579779,4,2.076795544475317,59,23,4,0,F S,Brighton,9,9.694860246032476,15.517961982637644,5.872543508186936
8272,João Pedro,27,1975,10,8.863604867830873,6,5.618519173935056,47,30,4,1,F M S,Brighton,5,5.0577606651932,15.910436924546957,7.6452163346111774
10048,Nicolas Jackson,30,2294,10,13.834070887416601,5,3.47239719517529,76,28,7,1,F S,Chelsea,10,13.834070887416601,16.895098600536585,3.0802767761051655
10806,Kaoru Mitoma,36,2608,10,10.222694747149944,4,4.949204979464412,57,37,1,0,F M S,Brighton,10,10.222694747149944,21.407055608928204,8.427826434373856
11296,Cody Gakpo,35,1970,10,8.601265830919147,4,6.257204940542579,57,38,5,0,F M S,Liverpool,10,8.601265830919147,22.09034220688045,8.677158913575113
12963,Evanilson,31,2376,10,13.714270060881972,1,1.9151847725734115,73,25,1,1,F S,Bournemouth,10,12.953101200982928,15.386878173798323,2.785225234925747
500,Alex Iwobi,38,3023,9,5.021547559648752,6,8.458939167670906,68,58,1,0,D F M S,Fulham,9,5.021547559648752,21.47882725391537,10.64560728892684
755,Jamie Vardy,35,2890,9,12.219386659562588,4,3.737534761428833,58,19,5,0,F,Leicester,8,10.697048958390951,14.040310747921467,0.9949070662260056
1679,Dominic Solanke,27,2220,9,12.416034620255232,3,2.4611449129879475,60,14,0,0,F S,Tottenham,8,11.65486578270793,16.30166282877326,4.277167193591595
5220,Kai Havertz,23,1880,9,11.830620590597391,3,2.9488715566694736,53,17,5,0,F M S,Arsenal,9,11.830620590597391,16.01736629009247,4.696250442415476
6681,Harvey Barnes,33,1740,9,7.695071091875434,4,4.351620296947658,63,24,0,0,F M S,Newcastle United,9,7.695071091875434,13.820457808673382,3.1923213340342045
6818,James Maddison,31,1851,9,5.8936047330498695,7,6.016693122684956,39,42,6,0,M S,Tottenham,9,5.8936047330498695,15.656851299107075,7.841132877394557
8288,Tomas Soucek,35,2586,9,8.068854354321957,1,0.947371281683445,55,14,8,0,M S,West Ham,9,8.068854354321957,13.590047078207135,5.360286621376872
9307,Iliman Ndiaye,33,2478,9,7.094870626926422,0,1.9087076298892498,37,18,3,0,F M S,Everton,7,5.572532966732979,11.509084429591894,5.190615847706795
1228,Bruno Fernandes,36,3034,8,9.887796703726053,10,10.227527445182204,96,92,3,2,F M S,Manchester United,5,7.604290317744017,24.228133594617248,13.644698239862919
5675,Ismaila Sarr,38,2738,8,12.308559328317642,6,10.056549122557044,59,44,4,0,F M S,Crystal Palace,8,12.308559328317642,24.235270714387298,7.3139182310551405
6063,Jacob Murphy,35,2443,8,6.590988090261817,11,9.341311557218432,43,41,4,0,D F M S,Newcastle United,8,6.590988090261817,18.842034708708525,4.910585891455412
7698,Leandro Trossard,38,2569,8,8.742100939154625,7,7.04339361935854,72,43,2,1,F M S,Arsenal,8,8.742100939154625,18.95159810781479,7.050739685073495
7752,Gabriel Martinelli,33,2310,8,9.213460259139538,4,5.264152456074953,56,40,1,0,F M S,Arsenal,8,9.213460259139538,16.827736772596836,4.392328556627035
8127,Amad Diallo Traore,26,1887,8,4.74583822209388,6,4.755917379632592,47,49,5,0,D F M S,Manchester United,8,4.74583822209388,12.264865227043629,5.410414909943938
8706,Eberechi Eze,34,2635,8,9.876954596489668,8,7.019554221071303,102,58,1,0,F M S,Crystal Palace,7,8.354616891592741,18.762924566864967,8.675655025988817
9983,Beto,30,1520,8,9.26681118644774,0,1.3863521181046963,49,12,2,0,F S,Everton,8,9.26681118644774,8.315516548231244,1.1153167895972729
10717,Rodrigo Muniz,31,922,8,6.838322004303336,1,0.7810081988573074,40,7,1,0,F S,Fulham,8,6.838322004303336,7.69332305714488,1.7913423832505941
12412,Morgan Rogers,37,3191,8,8.216648440808058,10,8.145913934335113,55,51,10,0,F M,Aston Villa,8,8.216648440808058,21.380799420177937,8.901325047016144
453,Son Heung-Min,30,2135,7,7.906742995604873,9,9.04414401575923,57,51,1,0,F M S,Tottenham,6,6.384405327960849,18.78970428556204,6.860619023442268
5304,Mikel Merino,28,1578,7,6.865131866186857,2,2.1651013009250164,38,17,2,1,F M S,Arsenal,7,6.865131866186857,11.007616562768817,5.772648703306913
6055,Phil Foden,28,1770,7,6.184084575623274,2,5.382284659892321,54,44,2,0,F M S,Manchester City,7,6.184084575623274,13.734636969864368,5.446543112397194
6691,Dejan Kulusevski,32,2391,7,5.52329240180552,4,6.502650566399097,47,64,3,0,F M S,Tottenham,7,5.52329240180552,16.012717846781015,5.773293157108128
6857,Morgan Gibbs-White,34,2868,7,6.140304567292333,8,6.105838568881154,61,51,9,1,M,Nottingham Forest,7,6.140304567292333,17.928511697798967,10.13072724826634
8393,Omar Marmoush,16,1195,7,5.649778325110674,0,2.676836894825101,49,15,0,0,F M S,Manchester City,7,5.649778325110674,9.663014598190784,2.601844636723399
9662,Dango Ouattara,32,2013,7,10.933680262416601,4,5.989504734054208,62,35,3,0,F M S,Bournemouth,7,10.933680262416601,18.476627525873482,4.4393982803449035
11357,Noni Madueke,32,2113,7,11.862219285219908,3,3.1217017397284508,80,33,3,0,D M S,Chelsea,7,11.862219285219908,18.66834883764386,6.725336389616132
11366,Jhon Durán,20,563,7,5.099582154303789,0,0.2346634343266487,31,4,3,1,F S,Aston Villa,7,5.099582154303789,5.687583016231656,1.4234060682356358
556,Marcus Rashford,25,1435,6,4.986043129116297,3,4.728895880281925,35,27,2,0,F M S,"Aston Villa,Manchester United",5,4.22487423196435,10.02566921338439,3.5098787005990744
2254,Mateo Kovacic,31,2220,6,1.8060728069394827,2,3.685476559214294,45,33,5,1,M S,Manchester City,6,1.8060728069394827,16.83304774388671,13.353065870702267
5596,Harry Wilson,25,1150,6,3.605708472430706,1,1.4601951194927096,43,20,2,0,F M S,Fulham,6,3.605708472430706,6.673274612054229,2.516816926188767
6854,Diogo Jota,26,1188,6,10.20619698613882,3,1.852303085848689,51,11,2,0,F S,Liverpool,6,10.20619698613882,13.053022043779492,3.036761373281479
7230,Emile Smith-Rowe,34,2101,6,5.2616774663329124,3,2.434781737625599,37,24,3,0,M S,Fulham,6,5.2616774663329124,12.505846868269145,6.85691377799958
7322,Bukayo Saka,25,1763,6,8.94342190399766,10,11.583731275051832,67,58,3,0,F M S,Arsenal,5,8.182253051549196,16.460995193570852,6.0235540214926
8150,Anthony Gordon,34,2474,6,9.196510776877403,5,4.824591662734747,59,51,2,0,F M S,Newcastle United,5,7.674173064529896,15.255516607314348,6.296648159623146
9524,Anthony Elanga,38,2549,6,5.92288132570684,11,6.605899995192885,44,50,1,0,F M S,Nottingham Forest,6,5.92288132570684,12.84948781132698,4.026209270581603
9788,Dominik Szoboszlai,36,2519,6,7.00856670551002,6,7.858418172225356,68,57,6,0,F M S,Liverpool,6,7.00856670551002,27.468164574354887,15.59493687003851
10552,Alejandro Garnacho,36,2176,6,9.43980634957552,2,3.4675094597041607,84,38,3,0,F M S,Manchester United,6,9.43980634957552,16.76700660586357,5.79347936809063
11356,Enzo Fernández,36,2941,6,6.1332164872437716,7,7.737509123980999,53,77,8,0,M S,Chelsea,6,6.1332164872437716,20.848417054861784,10.725481959059834
12759,Yankuba Minteh,32,1832,6,5.669837724417448,4,4.871835011057556,34,28,6,0,D M S,Brighton,6,5.669837724417448,14.345422247424722,4.895437384024262
672,Jordan Ayew,31,1688,5,4.341383438557386,0,1.9064311189576983,33,17,6,0,F M S,"Crystal Palace,Leicester",4,3.580214601010084,5.810580421239138,2.694857061840594
6174,Nikola Milenkovic,37,3330,5,4.571180831640959,2,1.043909177184105,29,9,4,0,D,Nottingham Forest,5,4.571180831640959,5.973378486931324,4.907668113708496
6456,Callum Hudson-Odoi,31,2221,5,2.5114910937845707,2,2.9465562608093023,37,44,2,0,F M S,Nottingham Forest,5,2.5114910937845707,11.848760638386011,8.000117145478725
6937,Georginio Rutter,28,1679,5,5.6770595367997885,3,3.1324470546096563,50,19,2,0,F M S,Brighton,5,5.6770595367997885,10.18418968655169,2.795816533267498
7083,Christian Nørgaard,34,2870,5,5.773721532896161,4,1.9166031386703253,39,18,8,1,M,Brentford,5,5.773721532896161,14.599624687805772,11.122066244482994
7134,Marc Cucurella,36,3006,5,3.1616971623152494,1,1.8079495672136545,24,19,8,1,D S,Chelsea,5,3.1616971623152494,15.487519605085254,12.07672212831676
8327,Bruno Guimarães,38,3321,5,4.702356463298202,6,6.579319527372718,45,52,7,0,M,Newcastle United,5,4.702356463298202,20.815922878682613,14.020939897745848
8379,Alexis Mac Allister,35,2621,5,3.568436846137047,5,4.891626043245196,38,45,6,0,M S,Liverpool,5,3.568436846137047,23.363473244011402,19.07193909212947
9790,Josko Gvardiol,37,3277,5,4.607429768890142,0,2.0648905243724585,40,26,2,0,D S,Manchester City,5,4.607429768890142,22.938383139669895,18.74818231165409
10720,Darwin Núñez,30,1072,5,6.912255180999637,2,1.7422378864139318,34,11,8,0,F S,Liverpool,5,6.912255180999637,11.696636958047748,3.613157507032156
11269,Jack Hinshelwood,26,1857,5,3.2537715872749686,2,1.4211199935525656,18,16,5,0,D F M S,Brighton,5,3.2537715872749686,9.028865553438663,7.109155820682645
11362,Facundo Buonanotte,31,1498,5,4.3609558045864105,2,3.352718798443675,36,25,8,0,F M S,Leicester,5,4.3609558045864105,7.7602359261363745,3.0961448941379786
12027,Mohammed Kudus,32,2634,5,7.222215499728918,3,3.7306671272963285,75,32,2,1,F M S,West Ham,5,7.222215499728918,15.979954302310944,6.224050734192133
76,Fabian Schär,34,2938,4,4.203412067145109,0,0.3913493175059557,40,5,9,1,D S,Newcastle United,4,4.203412067145109,9.683145336806774,8.512181639671326
87,Joelinton,29,2435,4,4.270817156881094,3,2.4919691011309624,45,23,10,0,F M,Newcastle United,4,4.270817156881094,16.40742952376604,11.303140779957175
447,Kevin De Bruyne,28,1706,4,5.544451447203755,7,8.934372447431087,57,57,2,0,F M S,Manchester City,4,5.544451447203755,18.807611417025328,8.703332384116948
2328,Thomas Partey,35,2810,4,2.3900655396282673,2,2.580821704119444,26,20,4,0,D M S,Arsenal,4,2.3900655396282673,16.352560142055154,14.675600433722138
3635,Bernardo Silva,33,2660,4,4.793662561103702,4,4.999884040094912,32,53,7,0,M S,Manchester City,4,4.793662561103702,19.424771897494793,13.023904200643301
5553,Declan Rice,35,2848,4,3.6269928105175495,7,9.060594327747822,48,59,5,1,M S,Arsenal,4,3.6269928105175495,17.24022226035595,10.361034391447902
6026,Richarlison,15,471,4,4.302900910377502,1,0.8242609575390816,17,4,2,0,F S,Tottenham,4,4.302900910377502,3.5217423737049103,0.07880378514528275
6382,Pedro Neto,35,2238,4,4.4209474716335535,6,6.566428407095373,59,46,8,0,D F M S,Chelsea,4,4.4209474716335535,14.425639379769564,6.602393293753266
6674,Rayan Ait Nouri,37,3180,4,3.612480252981186,7,5.460978699848056,36,46,6,0,D M,Wolverhampton Wanderers,4,3.612480252981186,13.966621531173587,7.902021802961826
6756,Dwight McNeil,21,1374,4,1.5122616775333881,6,6.039635524619371,24,37,1,0,M S,Everton,4,1.5122616775333881,8.58305960521102,3.5590311624109745
6837,Ryan Sessegnon,16,576,4,2.481840554624796,2,1.3141173049807549,14,12,1,0,D M S,Fulham,4,2.481840554624796,5.2143232971429825,1.8583442494273186
7365,Lucas Paquetá,33,2398,4,5.13420026563108,0,2.733525102958083,41,36,9,0,F M S,West Ham,2,3.6118626054376364,10.565001223236322,5.704350307583809
7484,Stephy Mavididi,30,1586,4,3.392247362062335,1,2.583603762090206,26,22,2,0,M S,Leicester,4,3.392247362062335,9.100224314257503,5.081808265298605
7958,Sandro Tonali,36,2619,4,4.238380494527519,2,2.1789364712312818,35,28,5,0,M S,Newcastle United,4,4.238380494527519,15.480939321219921,11.201060734689236
11055,Rasmus Højlund,32,2032,4,5.865164168179035,0,2.1415039356797934,32,16,2,0,F S,Manchester United,4,5.865164168179035,8.606904566287994,2.4272238351404667
11132,Ethan Nwaneri,26,883,4,1.7757814601063728,2,1.1617773352190852,24,16,1,0,F M S,Arsenal,4,1.7757814601063728,4.733230505138636,2.7513870988041162
11360,Paul Onuachu,25,1015,4,4.886736177839339,1,0.5158860571682453,34,8,4,0,F S,Southampton,4,4.886736177839339,5.4832437094300985,0.9347552265971899
12408,Daniel Muñoz,37,3237,4,5.791526351124048,5,5.942459639161825,37,45,10,0,D,Crystal Palace,4,5.791526351124048,17.36301911622286,7.908812275156379
12752,Sammie Szmodics,20,1025,4,4.5141482055187225,0,0.19445249065756798,21,5,2,0,M S,Ipswich,4,4.5141482055187225,5.369531828910112,0.7284961454570293
592,Ross Barkley,20,507,3,2.1608064183965325,1,0.9665419245138764,16,9,3,0,M S,Aston Villa,3,2.1608064183965325,4.782155349850655,3.2661629542708397
833,Virgil van Dijk,37,3330,3,2.821447281166911,1,1.2135552121326327,26,12,5,0,D,Liverpool,3,2.821447281166911,22.29557890444994,21.51737556606531
1653,Michael Keane,14,1043,3,1.126571523025632,0,0.12363456189632416,10,1,5,0,D S,Everton,3,1.126571523025632,1.2807953245937824,1.2518547140061855
1726,Abdoulaye Doucouré,33,2619,3,4.050999755039811,2,2.317836028058082,31,27,3,1,M S,Everton,3,4.050999755039811,9.89785410836339,4.922197850421071
1791,Trent Alexander-Arnold,33,2405,3,1.8941362705081701,6,8.056737272068858,45,52,5,0,D S,Liverpool,3,1.8941362705081701,20.09090856090188,13.782187223434448
2117,Marco Asensio,13,751,3,4.556249689310789,1,1.2643892206251621,24,16,2,0,M S,Aston Villa,3,3.0339119844138622,4.525235092267394,2.188563382253051
2199,Pablo Sarabia,23,788,3,2.177397783845663,2,1.962121868506074,17,15,2,0,M S,Wolverhampton Wanderers,3,2.177397783845663,5.338883318006992,1.8083363715559244
2517,Martin Odegaard,30,2343,3,5.635795846581459,8,7.852103857323527,49,63,4,0,M S,Arsenal,2,4.874626979231834,19.575034234672785,11.76090756803751
3300,Christopher Nkunku,27,878,3,5.027925219386816,2,2.0136311538517475,25,14,2,0,F M S,Chelsea,3,5.027925219386816,6.769540551118553,1.954516883008182
5543,Gabriel Jesus,17,581,3,3.375023730099201,0,0.5535630472004414,20,8,4,0,F S,Arsenal,3,3.375023730099201,4.954094588756561,2.0514997951686382
5555,Dominic Calvert-Lewin,26,1625,3,8.584493719041348,1,0.7406498864293098,50,7,2,0,F S,Everton,3,8.584493719041348,7.679076200351119,1.292787717655301
5613,Gabriel,28,2376,3,4.300341751426458,1,1.2210565768182278,22,13,4,0,D,Arsenal,3,4.300341751426458,11.277788810431957,10.166896805167198
5956,Youri Tielemans,36,3049,3,3.709774609655142,7,8.044237377122045,41,60,4,0,M S,Aston Villa,3,2.9486057721078396,21.22876513004303,16.205695185810328
6098,Niclas Füllkrug,18,775,3,2.1643357016146183,2,2.0831744708120823,16,14,2,0,F S,West Ham,3,2.1643357016146183,4.39640324562788,2.0444552544504404
6345,Jadon Sancho,31,1760,3,2.4174315705895424,4,4.314331844449043,24,39,2,0,M S,Chelsea,3,2.4174315705895424,10.85904686525464,5.599680565297604
6482,Eddie Nketiah,29,984,3,7.15336112678051,1,1.3858313784003258,43,13,4,1,F M S,Crystal Palace,3,7.15336112678051,9.502782799303532,2.1897604260593653
6615,Trevoh Chalobah,25,1983,3,2.548438237980008,1,2.151971971616149,18,8,3,0,D S,"Chelsea,Crystal Palace",3,2.548438237980008,6.1127273216843605,5.5258093401789665
6665,Curtis Jones,33,1719,3,4.570292007178068,3,1.7505743531510234,34,22,1,1,D F M S,Liverpool,3,4.570292007178068,12.458385687321424,7.695024929009378
7603,Marc Guehi,34,3060,3,2.9608455933630466,2,2.1349100805819035,15,16,7,1,D M,Crystal Palace,3,2.9608455933630466,8.626218263059855,7.739544311538339
8044,Joshua Zirkzee,32,1378,3,5.218384485691786,1,2.009757675230503,28,12,2,0,F M S,Manchester United,3,5.218384485691786,9.033301264047623,2.963567115366459
8563,George Hirst,26,609,3,2.7488116063177586,1,0.403658552095294,14,4,3,0,F S,Ipswich,3,2.7488116063177586,4.23221287317574,1.2429697029292583
8981,Jéremy Doku,29,1518,3,1.8944458104670048,6,4.646427006460726,29,32,1,0,F M S,Manchester City,3,1.8944458104670048,10.565225437283516,5.7006776463240385
9021,Pape Sarr,36,1913,3,3.994037317112088,2,2.0150707801803946,34,16,6,0,M S,Tottenham,3,3.994037317112088,11.247560657560825,7.256752958521247
9667,Amadou Onana,26,1650,3,2.5780120696872473,0,0.6834856616333127,17,10,4,0,M S,Aston Villa,3,2.5780120696872473,9.019286430440843,8.535910098813474
9749,Donyell Malen,14,265,3,3.0199847873300314,0,0.1801445484161377,15,3,0,0,M S,Aston Villa,3,3.0199847873300314,3.2656293623149395,0.11952173337340355
10126,James McAtee,15,341,3,2.566829100251198,0,0.8544101417064667,12,3,1,0,M S,Manchester City,3,2.566829100251198,3.394278069958091,0.7336818743497133
10348,Omari Hutchinson,31,2620,3,3.5237994957715273,2,3.373567247763276,45,31,5,0,M S,Ipswich,3,3.5237994957715273,10.518985860049725,4.673843790777028
10527,Carlos Baleba,34,2717,3,2.8824724731966853,1,1.6279380414634943,44,21,6,1,D M S,Brighton,3,2.8824724731966853,16.692094990052283,13.264105252921581
10741,Marcus Tavernier,29,1930,3,6.411486806347966,5,5.201899139210582,57,43,6,0,M S,Bournemouth,3,6.411486806347966,16.51350423321128,8.325464472174644
10766,Joe Ayodele-Aribo,32,2019,3,2.926058968529105,0,1.7567494381219149,17,16,1,0,D M S,Southampton,3,2.926058968529105,6.906115759164095,3.7257509492337704
11384,João Gomes,36,3034,3,2.872034505009651,1,1.199560061097145,35,22,9,1,M S,Wolverhampton Wanderers,3,2.872034505009651,13.400589838624,10.574760969728231
11943,Dean Huijsen,32,2403,3,1.5728872679173946,2,2.331902604550123,17,15,10,0,D S,Bournemouth,3,1.5728872679173946,11.550221702083945,10.0397496689111
12766,Jota Silva,31,799,3,2.7386593613773584,1,3.355119312182069,23,14,5,0,M S,Nottingham Forest,3,2.7386593613773584,4.373035242781043,0.8781488863751292
586,John Stones,11,539,2,0.6664973199367523,0,0.0837758481502533,2,2,1,0,D S,Manchester City,2,0.6664973199367523,2.6725111044943333,2.6725111044943333
725,Ola Aina,35,3020,2,0.46086559537798166,1,2.045018967241049,11,16,5,0,D M,Nottingham Forest,2,0.46086559537798166,10.087742604315281,8.546997111290693
900,Adama Traoré,36,1761,2,5.658592768013477,7,6.4245162177830935,39,43,2,0,F M S,Fulham,2,5.658592768013477,15.521256847307086,5.082236568443477
922,Andreas Pereira,33,2063,2,4.448508242145181,4,5.718298438005149,39,57,7,0,M S,Fulham,2,3.6873394194990396,12.638287663459778,7.434910722076893
1245,Emerson,31,2167,2,2.1318588722497225,1,1.2129619792103767,16,17,5,0,D M S,West Ham,2,2.1318588722497225,6.630555816926062,3.9276301879435778
4419,Adam Armstrong,20,1282,2,3.9334685541689396,2,2.005434782244265,26,9,4,0,F M S,Southampton,2,3.1722997166216373,6.038746699690819,1.9466782938688993
5584,Aaron Wan-Bissaka,36,3156,2,1.3520639296621084,5,4.088755523785949,16,33,1,0,D M S,West Ham,2,1.3520639296621084,12.051966872997582,8.27124732080847
5609,Yves Bissouma,28,1404,2,0.4450572794303298,0,0.29296224750578403,11,6,7,0,M S,Tottenham,2,0.4450572794303298,5.60918369051069,5.173720224760473
5682,Gonçalo Guedes,29,968,2,3.3298932649195194,4,1.4344439525157213,27,14,1,0,F M S,Wolverhampton Wanderers,2,3.3298932649195194,5.6499579809606075,1.7406257223337889
6042,Jan Bednarek,30,2538,2,1.0302477153018117,0,0.3539321832358837,5,5,7,0,D,Southampton,2,1.0302477153018117,6.619636853225529,6.190516717731953
6108,Rodrigo Bentancur,26,1674,2,1.3008952122181654,0,0.3507859818637371,22,9,9,0,M S,Tottenham,2,1.3008952122181654,8.430497603490949,7.863584054633975
6219,Enes Ünal,17,292,2,2.016992896795273,1,0.545154508203268,19,4,2,0,F S,Bournemouth,2,2.016992896795273,2.6258721854537725,0.9348652940243483
6820,David Brooks,29,937,2,2.8713680896908045,0,1.7746479772031307,25,19,3,0,M S,Bournemouth,2,2.8713680896908045,6.463442295789719,3.1608658209443092
6835,Tom Cairney,25,568,2,0.7964487187564373,0,1.6266533425077796,11,10,3,1,M S,Fulham,2,0.7964487187564373,6.079954030923545,5.425033033825457
6852,Matt Doherty,30,2140,2,1.576674222946167,1,1.7241646945476532,10,12,6,0,D S,Wolverhampton Wanderers,2,1.576674222946167,8.057520560920238,6.344307072460651
6888,William Saliba,35,3044,2,3.196498431265354,0,0.7513726502656937,6,7,2,1,D,Arsenal,2,3.196498431265354,14.345305103808641,14.299853567034006
6912,Pedro Porro,33,2611,2,1.8372661639004946,6,6.575961069203913,39,57,5,0,D S,Tottenham,2,1.8372661639004946,15.45052813179791,12.003311963751912
7726,Ezri Konsa Ngoyo,34,2934,2,1.103471640497446,0,0.41072478517889977,11,6,1,0,D S,Aston Villa,2,1.103471640497446,9.736158462241292,9.216016562655568
7753,James Justin,36,2937,2,2.046646734699607,2,0.9606930930167437,25,15,6,0,D S,Leicester,2,2.046646734699607,6.922428992576897,5.915292138233781
7762,Jean-Ricner Bellegarde,35,1693,2,1.7939026495441794,7,4.052603563293815,22,26,3,0,M S,Wolverhampton Wanderers,2,1.7939026495441794,9.270288711413741,4.406124430708587
7902,Matthijs de Ligt,29,2141,2,2.871978895738721,0,0.281110018491745,18,6,3,0,D S,Manchester United,2,2.871978895738721,5.249729173257947,4.9913213811814785
7908,Marshall Munetsi,14,1076,2,2.8331323377788067,1,1.9886701293289661,22,9,0,0,F M S,Wolverhampton Wanderers,2,2.8331323377788067,5.903076875954866,1.3661639597266912
8129,Riccardo Calafiori,19,986,2,0.7747622476890683,1,0.4056127071380615,10,6,4,0,D S,Arsenal,2,0.7747622476890683,4.117603804916143,3.7665633261203766
8226,Tariq Lamptey,15,870,2,0.33914162404835224,2,0.8965721465647221,6,5,0,0,D M S,Brighton,2,0.33914162404835224,2.2554087787866592,1.4430722370743752
8845,Hee-Chan Hwang,21,623,2,0.7990479003638029,0,0.2850785907357931,5,3,0,0,F M S,Wolverhampton Wanderers,2,0.7990479003638029,2.01325161755085,0.9641339294612408
8859,Mikkel Damsgaard,38,2978,2,3.476722192019224,9,9.246257283724844,35,63,2,0,F M S,Brentford,2,3.476722192019224,19.425128288567066,11.846998741850257
9154,Elliot Anderson,37,2773,2,2.230010911822319,6,4.1257980996742845,40,37,10,0,M S,Nottingham Forest,2,2.230010911822319,9.88364265859127,6.357638165354729
9406,Nathan Broadhead,18,677,2,1.8282658252865076,0,0.8385746516287327,13,7,1,0,M S,Ipswich,2,1.8282658252865076,4.232192199677229,2.159004925750196
9415,Jaden Philogene-Bidace,21,786,2,2.795140001922846,0,0.33318939432501793,19,6,3,1,D M S,"Aston Villa,Ipswich",2,2.795140001922846,3.0547380689531565,1.6042765881866217
9501,Fabio Carvalho,19,399,2,2.3463018126785755,1,0.6756551787257195,12,4,1,0,F M S,Brentford,2,2.3463018126785755,4.785842690616846,1.7638856619596481
9678,Ethan Pinnock,22,1912,2,0.9376051723957062,0,1.5102842152118683,10,8,2,0,D S,Brentford,2,0.9376051723957062,8.141121708787978,7.110404069535434
9733,Nathan Collins,38,3420,2,2.6544005731120706,3,1.9733586199581623,17,9,5,0,D,Brentford,2,2.6544005731120706,10.904047696851194,10.050747162662446
9780,Mathys Tel,13,920,2,2.799501243978739,1,2.507141198962927,23,14,2,0,F S,Tottenham,1,2.0383324064314365,5.105695888400078,1.6562889069318771
9912,Cameron Archer,35,1409,2,6.92764007486403,0,0.47348521556705236,29,6,0,0,F S,Southampton,2,6.166471207514405,7.4672291576862335,1.9211225835606456
10586,Tyler Dibling,33,1860,2,3.091769566759467,0,1.979686425998807,28,20,6,0,F M S,Southampton,2,3.091769566759467,8.59219616651535,4.698215810582042
10744,Ryan Christie,29,2150,2,1.625680811703205,3,3.819417158141732,33,42,9,0,M S,Bournemouth,2,1.625680811703205,9.731656536459923,6.203945886343718
10802,Lisandro Martínez,20,1762,2,1.6867136806249619,1,1.357606129720807,17,9,7,0,D,Manchester United,2,1.6867136806249619,9.639154896140099,8.233198188245296
10805,Levi Colwill,35,3150,2,2.4856121446937323,1,1.066227382980287,17,12,9,0,D,Chelsea,2,2.4856121446937323,15.162668526172638,13.843638241291046
11003,Ryan Yates,35,1883,2,2.863330416381359,1,1.0837957467883825,33,19,10,0,M S,Nottingham Forest,2,2.863330416381359,6.05943701043725,4.180756267160177
11058,Julio Enciso,25,1168,2,2.7400452066212893,3,2.227620951831341,52,18,3,0,M S,"Brighton,Ipswich",2,2.7400452066212893,6.231109814718366,2.7869491232559085
11297,Carlos Alcaraz,16,753,2,1.660201769322157,3,2.2886833511292934,27,14,4,0,M S,"Everton,Southampton",2,1.660201769322157,3.914981357753277,0.6430606916546822
11385,Yasin Ayari,34,1977,2,2.234291661530733,1,3.114554302766919,28,28,3,0,M S,Brighton,2,2.234291661530733,10.207828298211098,7.504959750920534
11592,Nico O&#039;Reilly,9,526,2,1.0966674238443375,0,0.26054514944553375,8,4,0,0,D S,Manchester City,2,1.0966674238443375,2.7525365091860294,1.6519679110497236
11709,Milos Kerkez,38,3359,2,0.7433816641569138,5,4.914374724030495,19,35,4,0,D,Bournemouth,2,0.7433816641569138,13.390899841673672,9.968997127376497
11710,Simon Adingra,29,1081,2,3.1380675714462996,2,2.066323732957244,34,16,0,0,D M S,Brighton,2,3.1380675714462996,5.763067487627268,2.1683908347040415
12014,Jake O&#039;Brien,20,1561,2,1.219971727579832,0,0.6676564291119576,6,6,5,0,D S,Everton,2,1.219971727579832,4.743709594011307,3.924726217985153
12123,Murillo,36,3199,2,1.9497453132644296,0,1.3909434340894222,25,12,6,0,D,Nottingham Forest,2,1.9497453132644296,5.36951514147222,4.55442807264626
12756,Rodrigo Gomes,25,756,2,0.6804056065157056,0,0.9794150870293379,7,12,0,0,D M S,Wolverhampton Wanderers,2,0.6804056065157056,1.9415704039856791,0.31656710617244244
12948,Mateus Fernandes,36,2964,2,5.0105931609869,4,3.847336508333683,42,34,8,0,F M S,Southampton,2,5.0105931609869,12.354681935161352,6.976256597787142
13020,Bilal El Khannouss,32,2242,2,1.4420042671263218,3,4.914181550964713,30,42,4,0,M S,Leicester,2,1.4420042671263218,7.097214490175247,3.5222754068672657
13206,Matt O&#039;Riley,21,934,2,3.0610502772033215,2,2.4148010704666376,22,21,1,0,M S,Brighton,1,2.299881439656019,6.484979265369475,2.8589688697829843
314,Ilkay Gündogan,33,2231,1,3.426698351278901,6,3.6678730603307486,27,42,1,0,M S,Manchester City,1,3.426698351278901,19.306594289839268,14.603720467537642
531,Michail Antonio,14,859,1,2.99339403398335,1,1.598572283051908,19,9,1,0,F S,West Ham,1,2.99339403398335,5.190587151795626,1.7512829042971134
631,Ashley Young,32,1824,1,0.25227443501353264,3,2.9377346560359,6,26,7,1,D S,Everton,1,0.25227443501353264,4.8677782118320465,3.145018443465233
646,Christian Eriksen,23,1043,1,1.3317703362554312,2,3.2394327828660607,15,29,4,0,M S,Manchester United,0,0.5706015210598707,7.565414318814874,6.649325430393219
675,Jack Grealish,20,689,1,1.2711530942469835,1,1.9155478971078992,15,24,3,0,M S,Manchester City,1,1.2711530942469835,6.737229811958969,4.150039034895599
782,Ben Chilwell,8,239,1,0.2562433071434498,0,0.8998954109847546,5,5,1,0,D S,Crystal Palace,1,0.2562433071434498,1.1016745641827583,0.7247382774949074
843,James Ward-Prowse,24,1449,1,1.2941841231659055,2,3.261906538158655,14,24,2,1,M S,"Nottingham Forest,West Ham",1,1.2941841231659055,5.538908100686967,2.9147418392822146
986,Danny Ings,15,235,1,1.7657166114076972,2,1.154838539659977,14,6,0,0,F S,West Ham,1,1.7657166114076972,2.8344373060390353,0.2195451222360134
1299,Mario Lemina,17,1366,1,1.1920787254348397,3,1.287991652265191,17,10,4,0,D M S,Wolverhampton Wanderers,1,1.1920787254348397,5.342703886330128,3.8733241255395114
1665,James Tarkowski,33,2926,1,1.2661416758783162,1,2.7973302034661174,15,16,6,0,D,Everton,1,1.2661416758783162,5.207525005564094,4.634369108825922
1687,Harry Maguire,27,1752,1,2.3422655537724495,0,0.9308241046965122,16,8,7,0,D S,Manchester United,1,2.3422655537724495,5.207567437551916,3.6736370800063014
1735,Jack Stephens,19,1418,1,0.6747798472642899,0,0.2880069650709629,4,3,2,2,D S,Southampton,1,0.6747798472642899,3.423359040170908,3.3818592466413975
1789,Lewis Cook,36,2978,1,0.963939368724823,3,4.5853610355407,14,47,8,1,D M S,Bournemouth,1,0.963939368724823,12.705790558829904,10.713933983817697
2248,Casemiro,24,1519,1,1.939050110988319,0,2.170760851353407,32,22,5,0,M S,Manchester United,1,1.939050110988319,7.131643548607826,5.040456134825945
2478,Carlos Soler,31,1422,1,2.29219813644886,1,1.0893699526786804,25,17,6,0,M S,West Ham,1,2.29219813644886,5.286610726267099,2.4397572688758373
5136,Estupiñán,30,2404,1,1.3183485567569733,1,2.320820614695549,28,27,5,0,D S,Brighton,1,1.3183485567569733,12.298998538404703,10.615641921758652
5221,Leon Bailey,24,1152,1,2.867841899394989,2,2.372280452400446,28,16,3,0,M S,Aston Villa,1,2.867841899394989,6.292120710015297,2.2766535691916943
5590,Tosin Adarabioyo,22,1410,1,1.1859792517498136,1,0.3341391310095787,13,2,4,0,D S,Chelsea,1,1.1859792517498136,8.569632288068533,8.549678575247526
5789,Boubacar Kamara,26,1744,1,0.7928520627319813,0,0.901398416608572,10,11,2,0,D M S,Aston Villa,1,0.7928520627319813,7.008257182314992,5.887418569996953
6088,Orel Mangala,19,1254,1,0.7135743591934443,0,0.494984382763505,16,8,2,0,M S,Everton,1,0.7135743591934443,2.8463763296604156,2.0121847297996283
6326,Ibrahima Konaté,31,2578,1,1.8570036180317402,2,1.0275321248918772,19,10,5,0,D S,Liverpool,1,1.8570036180317402,17.322711497545242,16.64254543930292
6424,Ben Johnson,23,1327,1,1.4644898548722267,2,2.1658401750028133,7,11,3,1,D M S,Ipswich,1,1.4644898548722267,4.204577220603824,1.2919913660734892
6492,Reiss Nelson,12,491,1,1.4182224795222282,1,1.1306451223790646,11,13,1,0,M S,"Arsenal,Fulham",1,1.4182224795222282,4.734423227608204,3.0769786797463894
6827,Bobby Reid,23,729,1,0.667118170298636,2,1.0936873592436314,7,6,2,0,F M S,Leicester,1,0.667118170298636,1.5033471286296844,0.7257871571928263
6851,Conor Coady,22,1710,1,0.6421074867248535,0,0.07015308737754822,2,1,3,0,D S,Leicester,1,0.6421074867248535,5.112960673868656,4.499962247908115
6885,Axel Disasi,13,844,1,0.6244775578379631,0,0.3375391270965338,4,5,3,0,D S,"Aston Villa,Chelsea",1,0.6244775578379631,2.507807642221451,2.215707093477249
7218,Cristian Romero,18,1426,1,1.905144028365612,0,0.6253029182553291,16,7,3,0,D,Tottenham,1,1.905144028365612,6.663078460842371,6.324385602027178
7333,Caleb Okoli,19,1113,1,0.8699327614158392,0,0,4,0,4,0,D S,Leicester,1,0.8699327614158392,2.478840259835124,2.4601404275745153
7382,Dan Burn,37,3330,1,2.5743769044056535,1,1.1636743620038033,21,9,11,0,D,Newcastle United,1,2.5743769044056535,10.685649447143078,10.075688883662224
7546,Harvey Elliott,18,320,1,1.6678786408156157,2,1.2793736029416323,17,10,1,0,M S,Liverpool,1,1.6678786408156157,4.1819951720535755,2.2030859515070915
7723,John McGinn,34,2247,1,3.7942231353372335,4,3.4790949057787657,31,30,7,0,M S,Aston Villa,1,3.7942231353372335,11.842593720182776,7.252999009564519
7768,Mason Mount,17,626,1,2.9394782911986113,0,0.33556320145726204,20,8,3,0,F M S,Manchester United,1,2.9394782911986113,4.9926538458094,1.9043842209503055
7814,Taiwo Awoniyi,26,363,1,2.418665297329426,0,0.08859707228839397,10,2,0,0,F S,Nottingham Forest,1,2.418665297329426,2.95575431548059,0.4484919551759958
7892,João Félix,12,343,1,2.64809543825686,1,0.6843841634690762,20,6,2,0,M S,Chelsea,1,2.64809543825686,4.425876019522548,1.2964793983846903
8067,Reece James,19,1062,1,0.5808683261275291,1,1.3240125216543674,11,11,1,0,D M S,Chelsea,1,0.5808683261275291,3.869105190038681,3.5282998234033585
8089,Kieran Tierney,13,227,1,0.9213433265686035,0,1.199159286916256,2,8,0,0,D S,Arsenal,1,0.9213433265686035,1.968412023037672,0.9727844670414925
8204,Neco Williams,35,2579,1,3.0044789891690016,3,1.7043100725859404,37,18,7,0,D M S,Nottingham Forest,1,3.0044789891690016,8.458546839654446,5.0818028431385756
8224,William Smallbone,18,657,1,0.6896725203841925,0,0.5868444573134184,7,10,1,0,M S,Southampton,1,0.6896725203841925,2.8830344323068857,2.286232426762581
8430,Chris Richards,24,1925,1,1.6956392526626587,0,0.11428104154765606,12,2,2,1,D S,Crystal Palace,1,1.6956392526626587,4.323614971712232,4.20933392085135
8495,Taylor Harwood-Bellis,34,2832,1,2.1951861269772053,0,1.9898590259253979,20,14,9,0,D S,Southampton,1,2.1951861269772053,7.381218569353223,6.122977705672383
8646,Wout Faes,34,2799,1,1.563155423849821,0,0.17054090928286314,12,4,4,0,D S,Leicester,1,1.563155423849821,5.0110078155994415,4.808216721750796
8720,Jack Harrison,34,2102,1,3.3758146427571774,0,3.650003883987665,29,33,0,0,F M S,Everton,1,3.3758146427571774,7.757276251912117,2.7420455012470484
8853,Maxence Lacroix,35,3126,1,2.7525001103058457,1,1.6881468072533607,30,8,5,0,D,Crystal Palace,1,2.7525001103058457,8.140122196637094,6.942754318006337
8864,Matthew Cash,27,2085,1,0.49553846661001444,1,1.4866319708526134,13,10,7,0,D M S,Aston Villa,1,0.49553846661001444,7.091400654055178,6.5722703114151955
8919,Leif Davis,33,2760,1,0.798027765005827,2,6.061805084347725,16,61,5,1,D S,Ipswich,1,0.798027765005827,7.2669062577188015,4.0115239061415195
8941,Jacob Ramsey,29,1665,1,1.4540390092879534,3,2.891221077181399,19,21,2,1,F M S,Aston Villa,1,1.4540390092879534,9.212930692359805,5.757394967600703
9451,Chimuanya Ugochukwu,26,1689,1,0.8239525118842721,1,0.9677973967045546,10,14,7,0,M S,Southampton,1,0.8239525118842721,4.15837118960917,3.4592729564756155
9453,Moisés Caicedo,38,3381,1,0.6911019859835505,2,2.9249442890286446,20,29,11,0,D M,Chelsea,1,0.6911019859835505,19.78497724980116,17.50836056470871
9492,Crysencio Summerville,19,760,1,1.8140362668782473,1,2.1587705314159393,14,17,2,0,F M S,West Ham,1,1.8140362668782473,4.351440954953432,1.1789654307067394
9509,Daniel Jebbison,16,62,1,1.7295908629894257,0,0.20717493444681168,5,3,1,0,S,Bournemouth,1,1.7295908629894257,2.19595605134964,0.2896595001220703
9556,William Osula,14,107,1,0.28269219398498535,0,0.13386283814907074,4,2,0,0,S,Newcastle United,1,0.28269219398498535,0.3538459315896034,0.07435569167137146
9630,Kamaldeen Sulemana,26,1405,1,1.5610322337597609,1,1.2623700015246868,29,10,2,0,F M S,Southampton,1,1.5610322337597609,3.277868576347828,1.0029112379997969
9680,Vitaly Janelt,32,2303,1,0.9458270631730556,3,2.358839701861143,14,14,3,0,D M S,Brentford,1,0.9458270631730556,8.97201941628009,5.991170124150813
9738,Patson Daka,23,686,1,1.767653119750321,0,0.02592407539486885,15,1,0,0,F M S,Leicester,1,1.767653119750321,1.9579588426277041,0.16438164934515953
9802,Nico González,11,767,1,0.8193094208836555,0,0.08155591785907745,9,1,3,0,M S,Manchester City,1,0.8193094208836555,6.620623365044594,6.3495680540800095
10012,Jakub Kiwior,17,1102,1,0.21434792131185532,0,0.5097704380750656,3,5,1,0,D S,Arsenal,1,0.21434792131185532,3.440646205097437,3.275878395885229
10166,Kasey McAteer,18,854,1,1.4462989773601294,1,0.905257573351264,13,9,3,0,M S,Leicester,1,1.4462989773601294,3.96396641433239,1.788604959845543
10177,Evan Ferguson,21,341,1,1.4812848791480064,0,0.7929156944155693,12,5,0,0,F S,"Brighton,West Ham",1,1.4812848791480064,2.186324803158641,0.08092000521719456
10291,Vitalii Mykolenko,35,3085,1,0.6015322427265346,2,3.0272322706878185,14,24,4,0,D,Everton,1,0.6015322427265346,8.047195924445987,5.357288662344217
10301,Jens Cajuste,30,2019,1,0.6125177554786205,1,0.6245124880224466,12,13,2,0,M S,Ipswich,1,0.6125177554786205,5.957525156438351,5.012046929448843
10764,Djed Spence,25,1784,1,0.417020246386528,2,1.8481179997324944,10,11,2,1,D S,Tottenham,1,0.417020246386528,6.893741740845144,6.0086276941001415
10807,Jan Paul van Hecke,34,2962,1,1.0002109874039888,1,1.558699306100607,17,16,6,1,D S,Brighton,1,1.0002109874039888,14.846226522698998,13.811430538073182
10809,Keane Lewis-Potter,38,3131,1,3.2576067624613643,3,3.338346378877759,28,26,7,0,D M S,Brentford,1,3.2576067624613643,9.596967240795493,5.59095348790288
10822,Wilson Odobert,16,845,1,2.115951618179679,0,0.8556916369125247,13,6,0,0,F M S,Tottenham,1,2.115951618179679,4.030231017619371,1.800855565816164
10845,Flynn Downes,27,2175,1,0.8941574329510331,0,1.6155836284160614,10,15,12,0,D M S,Southampton,1,0.8941574329510331,8.310527911409736,6.55848484672606
10847,Rico Lewis,28,1903,1,1.6414977870881557,2,0.34641725569963455,10,7,3,1,D M S,Manchester City,1,1.6414977870881557,14.292443186044693,12.876099944114685
10856,Emmanuel Agbadou,16,1414,1,0.69438168220222,0,0.18917815759778023,7,4,3,0,D,Wolverhampton Wanderers,1,0.69438168220222,3.78240617364645,3.7525524757802486
10866,Luis Sinisterra,12,221,1,1.7229826282709837,1,1.762933598831296,13,8,0,0,M S,Bournemouth,1,1.7229826282709837,2.894174002110958,0.5542034497484565
11000,Matheus Nunes,26,1673,1,1.189816527068615,6,3.9489037338644266,9,23,4,0,D M S,Manchester City,1,1.189816527068615,10.188475765287876,7.719313248991966
11310,Brajan Gruda,21,684,1,1.0134435147047043,4,2.2726940251886845,11,23,0,0,F M S,Brighton,1,1.0134435147047043,3.96596534922719,1.7325535658746958
11386,Lewis Miley,14,274,1,0.2039504423737526,0,0.08938674628734589,3,1,0,0,M S,Newcastle United,1,0.2039504423737526,1.0136461164802313,0.8299028035253286
11707,Jurriën Timber,30,2443,1,1.3132512997835875,3,1.1326866932213306,14,17,7,0,D S,Arsenal,1,1.3132512997835875,10.589375596493483,9.367386754602194
11728,Calvin Bassey,35,3072,1,1.1175763411447406,0,0.11307021137326956,14,3,7,0,D S,Fulham,1,1.1175763411447406,10.457166313193738,10.319827779196203
11735,Sávio,29,1801,1,5.246914088726044,8,6.9446608647704124,55,45,3,0,F M S,Manchester City,1,5.246914088726044,16.14704818278551,5.930092327296734
11766,Manuel Ugarte,29,1802,1,1.087446665391326,2,1.6160887470468879,19,10,11,0,M S,Manchester United,1,1.087446665391326,7.235839036293328,6.052829889580607
11807,Ian Maatsen,29,1073,1,0.979834190569818,2,3.0338974483311176,19,19,2,0,D S,Aston Villa,1,0.979834190569818,9.690310459583998,8.366953602991998
12152,Matheus França,4,45,1,0.40794607251882553,0,0,6,0,0,0,S,Crystal Palace,1,0.40794607251882553,0.5714588239789009,0.16351275146007538
12272,Myles Lewis-Skelly,23,1371,1,0.2544533908367157,0,0.4991668798029423,3,8,3,2,D S,Arsenal,1,0.2544533908367157,5.465138830244541,5.074087254703045
12573,Tyrique George,8,162,1,0.3738933689892292,1,1.0261513106524944,3,6,1,0,F S,Chelsea,1,0.3738933689892292,1.885858304798603,0.5690330639481544
12745,Jacob Greaves,25,2208,1,1.4357987744733691,0,0.22600556816905737,10,6,5,0,D,Ipswich,1,1.4357987744733691,3.7184569966048002,3.5594952162355185
12748,Sam Morsy,33,2767,1,0.29577674996107817,1,1.4169819168746471,13,24,9,0,M S,Ipswich,1,0.29577674996107817,9.255466464906931,8.384842346422374
12750,Conor Chaplin,22,851,1,1.434986375272274,1,0.7888719039037824,16,8,2,0,F M S,Ipswich,1,1.434986375272274,3.172867614775896,1.4127340912818909
12754,Jack Taylor,32,777,1,0.5857022814452648,0,0.7670453414320946,19,5,4,0,M S,Ipswich,1,0.5857022814452648,2.7209306256845593,2.4428652273491025
12758,Mats Wieffer,25,988,1,1.0993042346090078,3,1.0669435421004891,9,15,6,0,D M S,Brighton,1,1.0993042346090078,5.176637289114296,4.247457327321172
12761,Yukinari Sugawara,30,1533,1,0.4496091231703758,1,3.2835169788450003,14,17,4,0,D M S,Southampton,1,0.4496091231703758,5.613592414185405,4.167844578623772
13021,Ramón Sosa,19,246,1,1.1310514248907566,0,0.6833146139979362,11,8,1,0,M S,Nottingham Forest,1,1.1310514248907566,2.070654297247529,0.2562882862985134
13038,Justin Devenny,23,472,1,1.1472182907164097,1,0.6334958653897047,10,7,1,0,M S,Crystal Palace,1,1.1472182907164097,2.1069728769361973,0.9024819005280733
13060,Ross Stewart,12,379,1,0.8806956596672535,0,0,9,0,1,0,F S,Southampton,1,0.8806956596672535,1.6948200725018978,1.2228461802005768
13066,Ferdi Kadioglu,6,401,1,0.6023932620882988,0,0.16455989610403776,4,5,1,0,D M S,Brighton,1,0.6023932620882988,2.1883304491639137,1.5457853525877
13364,Diego Gómez,16,487,1,0.8773256950080395,0,1.5821922849863768,9,9,0,0,M S,Brighton,1,0.8773256950080395,4.766626961529255,4.030858531594276
13387,Romain Esse,7,124,1,0.5787168145179749,1,0.30072224885225296,1,3,0,0,M S,Crystal Palace,1,0.5787168145179749,1.1815895438194275,0.3021504878997803
65,Timo Werner,18,488,0,0.953228548169136,3,3.0806511119008064,8,10,0,0,F M S,Tottenham,0,0.953228548169136,5.666859710589051,1.7122303992509842
111,Jannik Vestergaard,18,1411,0,0.11154495272785425,0,0.07185124978423119,3,3,5,0,D S,Leicester,0,0.11154495272785425,3.8136451300233603,3.7925947066396475
181,Bernd Leno,38,3420,0,0,1,0.31894351541996,0,2,5,0,GK,Fulham,0,0,9.378365483134985,9.059421986341476
468,Callum Wilson,18,313,0,0.7507430538535118,0,0.1887170672416687,6,3,1,0,F S,Newcastle United,0,0.7507430538535118,1.4098929166793823,0.470432810485363
473,Danny Ward,2,132,0,0,0,0,0,0,0,0,GK S,Leicester,0,0,0.07015308737754822,0.07015308737754822
486,Adam Lallana,14,342,0,0.15231557562947273,2,0.5534783098846674,3,4,4,0,M S,Southampton,0,0.15231557562947273,1.702550608664751,1.124756133183837
489,James Milner,4,177,0,0.19204899668693542,0,0.2607630733400583,2,4,1,0,M S,Brighton,0,0.19204899668693542,0.5119482576847076,0.20502541214227676
510,Joel Ward,2,75,0,0,0,0.06846939772367477,0,1,1,0,D S,Crystal Palace,0,0,0.10464299470186234,0.10464299470186234
534,Aaron Cresswell,18,821,0,0.1508999690413475,0,1.589625921100378,5,9,3,0,D S,West Ham,0,0.1508999690413475,2.41888221912086,1.7282752357423306
579,Nathan Aké,10,684,0,0.24186671525239944,0,0.016024935990571976,3,1,0,0,D S,Manchester City,0,0.24186671525239944,3.5274377912282944,3.38953398168087
585,Seamus Coleman,5,213,0,0.47521984577178955,0,0,1,0,1,0,D S,Everton,0,0.47521984577178955,1.2030456438660622,0.7278257980942726
603,Nathaniel Clyne,13,483,0,0.02340917196124792,0,0.16137605160474777,2,3,1,0,D S,Crystal Palace,0,0.02340917196124792,1.4450985342264175,1.2837224826216698
618,Raheem Sterling,17,486,0,0.9707838203758001,2,0.5390832684934139,10,8,1,0,F M S,Arsenal,0,0.9707838203758001,2.2374207340180874,1.050472877919674
635,Alex McCarthy,5,450,0,0,0,0,0,0,0,0,GK,Southampton,0,0,0.4999673590064049,0.4999673590064049
638,Kyle Walker,15,968,0,0.1098661832511425,0,0.7247695401310921,5,7,3,0,D S,Manchester City,0,0.1098661832511425,6.8929938822984695,6.746879652142525
652,Kieran Trippier,25,1311,0,0.15787873044610023,3,1.8058830378577113,4,21,1,0,D S,Newcastle United,0,0.15787873044610023,6.462460404261947,6.190624123439193
660,Ben Davies,17,1325,0,0.36144955176860094,0,0.09918292984366417,5,2,5,0,D S,Tottenham,0,0.36144955176860094,5.178717454895377,5.166538378223777
668,Idrissa Gueye,37,3090,0,1.0407873457297683,3,2.416206769645214,27,19,8,0,M S,Everton,0,1.0407873457297683,9.350484703667462,7.558115462772548
700,Willian,10,240,0,0.2559743635356426,0,0.29619523137807846,7,7,0,0,F M S,Fulham,0,0.2559743635356426,2.169583834707737,1.805920036509633
706,Lukasz Fabianski,14,1157,0,0,0,0,0,0,2,0,GK S,West Ham,0,0,0.6126065440475941,0.6126065440475941
741,Jordan Pickford,38,3420,0,0,1,0.2801412306725979,0,2,7,0,GK,Everton,0,0,4.063891115598381,3.7837498849257827
757,Jeffrey Schlupp,12,72,0,0.21029065176844597,0,0.33485834673047066,4,2,0,0,S,Crystal Palace,0,0.21029065176844597,0.906626857817173,0.36147786723449826
804,Craig Dawson,15,950,0,0.40684073232114315,0,0.06978518515825272,5,2,2,0,D S,Wolverhampton Wanderers,0,0.40684073232114315,2.3292105179280043,2.3170803170651197
807,Jonny Evans,7,306,0,0.08427041582763195,0,0,2,0,1,0,D S,Manchester United,0,0.08427041582763195,1.1920689959079027,1.1920689959079027
825,Adam Smith,25,1625,0,0.3261268213391304,0,0.4430896267294884,3,8,7,0,D S,Bournemouth,0,0.3261268213391304,5.3390795309096575,4.7454583663493395
831,Fraser Forster,7,630,0,0,0,0,0,0,0,0,GK,Tottenham,0,0,1.9027439206838608,1.9027439206838608
884,Matt Targett,2,12,0,0,0,0,0,0,0,0,S,Newcastle United,0,0,0.14237786829471588,0.14237786829471588
885,Kyle Walker-Peters,33,2934,0,1.1614951640367508,2,2.7974178763106465,20,23,5,0,D M,Southampton,0,1.1614951640367508,9.133386302739382,6.938454505056143
910,Harrison Reed,12,81,0,0.14395092613995075,0,0.07896795868873596,3,1,2,0,S,Fulham,0,0.14395092613995075,0.3412153646349907,0.2145950347185135
934,Axel Tuanzebe,22,1731,0,0.35375541262328625,1,0.6262782029807568,4,5,3,1,D S,Ipswich,0,0.35375541262328625,3.9006014950573444,3.3178643696010113
971,Harry Winks,22,1532,0,0.18760879337787628,2,1.32591406814754,10,17,4,0,M S,Leicester,0,0.18760879337787628,5.152881131507456,4.76618863362819
978,Sam Johnstone,7,630,0,0,0,0.04906415939331055,0,1,0,0,GK,Wolverhampton Wanderers,0,0,1.1530965231359005,1.1530965231359005
985,Mason Holgate,1,1,0,0,0,0,0,0,0,0,S,Everton,0,0,0,0
987,Joseph Gomez,9,510,0,0.37429935298860073,0,0.08069203794002533,3,2,1,0,D S,Liverpool,0,0.37429935298860073,4.230954002588987,4.1999836675822735
1006,Luke Shaw,7,352,0,0.03137751296162605,0,0.5605076849460602,1,5,1,0,D S,Manchester United,0,0.03137751296162605,1.353358380496502,0.7928507253527641
1024,Tyrone Mings,14,1137,0,0.7991716582328081,0,0.17970541678369045,9,3,1,0,D S,Aston Villa,0,0.7991716582328081,5.253270890563726,5.077521752566099
1038,Alex Palmer,13,1170,0,0,0,0.021070318296551704,0,1,2,0,GK,Ipswich,0,0,2.139107011258602,2.139107011258602
1257,Alisson,28,2511,0,0,0,0.4981032609939575,0,1,0,0,GK,Liverpool,0,0,9.509701142087579,9.011597881093621
1297,Neto,2,180,0,0,0,0,0,0,0,0,GK,Bournemouth,0,0,0.4283316135406494,0.4283316135406494
1389,Jorginho,15,717,0,0.059209998697042465,0,0.4611985944211483,2,3,5,0,M S,Arsenal,0,0.059209998697042465,4.177355792373419,3.738667394965887
1433,Federico Chiesa,6,95,0,0.6147317513823509,0,0.20754490792751312,5,2,0,0,F S,Liverpool,0,0.6147317513823509,1.6294743716716766,0.8755535371601582
1537,Sasa Lukic,30,2380,0,1.5360550973564386,2,3.099418031051755,18,27,12,0,M S,Fulham,0,1.5360550973564386,11.622625487856567,7.836565780453384
1545,Emil Krafth,12,314,0,0.027688954025506973,0,0.05894070118665695,1,1,2,0,D S,Newcastle United,0,0.027688954025506973,1.4653809145092964,1.4653809145092964
1654,Ben Mee,7,181,0,0,0,0,0,0,2,0,D S,Brentford,0,0,0.030085433274507523,0.030085433274507523
1683,Ryan Fraser,8,314,0,0.025151601061224937,0,0.1558907814323902,1,2,0,1,D M S,Southampton,0,0.025151601061224937,2.0469524562358856,1.8659100458025932
1688,Andrew Robertson,33,2511,0,1.5656620487570763,1,4.881590306758881,15,40,3,1,D S,Liverpool,0,1.5656620487570763,19.93133733794093,15.677865535020828
1823,Lucas Digne,32,2413,0,0.7811353597790003,4,6.966049259528518,13,36,4,0,D S,Aston Villa,0,0.7811353597790003,8.990315483883023,6.626998363062739
2182,Jefferson Lerma,33,2274,0,0.8986045755445957,1,1.3882753169164062,26,10,9,0,D M S,Crystal Palace,0,0.8986045755445957,10.00641503976658,8.994050413835794
2203,Emiliano Buendía,12,48,0,0.8230422083288431,0,0.046822335571050644,5,1,1,0,S,Aston Villa,0,0.8230422083288431,0.956121938303113,0.21528583765029907
2310,Alphonse Areola,26,2263,0,0,0,0,0,0,0,0,GK S,West Ham,0,0,3.0244391784071922,3.0244391784071922
2496,Rodri,3,64,0,0,0,0.052060868591070175,0,1,0,0,M S,Manchester City,0,0,1.4455500841140747,1.4455500841140747
2958,Oleksandr Zinchenko,15,500,0,0.4987206254154444,1,0.1286610011011362,10,3,1,0,D M S,Arsenal,0,0.4987206254154444,3.0112361051142216,2.7367644980549812
3203,Issa Diop,21,1332,0,0.48513777554035187,0,0.1430980395525694,5,3,2,0,D S,Fulham,0,0.48513777554035187,3.876760764978826,3.789013215340674
3278,Maxwel Cornet,2,71,0,0.0751236081123352,0,0,1,0,1,0,M S,Southampton,0,0.0751236081123352,0.0751236081123352,0
3303,Ricardo Pereira,10,378,0,0.11117679998278618,0,0,2,0,1,0,D S,Leicester,0,0.11117679998278618,1.118471845984459,1.0300674214959145
3697,Odsonne Edouard,6,131,0,0.32568828761577606,0,0.10593332909047604,5,2,0,0,M S,"Crystal Palace,Leicester",0,0.32568828761577606,0.6215433776378632,0.18992176093161106
4120,Álex Moreno,15,978,0,0.21700730733573437,1,1.076141320168972,6,8,2,0,D S,Nottingham Forest,0,0.21700730733573437,2.5304054114967585,1.5371484030038118
4401,Emiliano Martinez,37,3206,0,0,0,0.2820240408182144,0,2,5,1,GK,Aston Villa,0,0,6.555770194157958,6.273746121674776
5061,Kepa,31,2790,0,0.06839418411254883,0,0.025899898260831833,1,1,3,0,GK,Bournemouth,0,0.06839418411254883,3.4838713705539703,3.4838713705539703
5261,Kevin Danso,10,840,0,0.27366341184824705,0,0.06845882814377546,7,2,0,0,D S,Tottenham,0,0.27366341184824705,2.7478084787726402,2.7030457369983196
5545,Wilfred Ndidi,28,2368,0,1.973463961854577,5,2.7866385113447905,22,17,8,0,M,Leicester,0,1.973463961854577,8.735264824703336,5.421601940877736
5552,Nick Pope,28,2520,0,0,0,0.07708201557397842,0,1,2,0,GK,Newcastle United,0,0,4.53913442697376,4.462052411399782
5560,Scott McTominay,2,15,0,0.12602733075618744,0,0,1,0,0,0,S,Manchester United,0,0.12602733075618744,0.12602733075618744,0
5603,Aaron Ramsdale,30,2700,0,0,0,0,0,0,2,0,GK,Southampton,0,0,2.3939849622547626,2.3939849622547626
5712,Diego Carlos,10,828,0,0.9728685170412064,0,0,4,0,1,0,D S,Aston Villa,0,0.9728685170412064,2.882016759365797,2.882016759365797
5722,Ibrahim Sangare,13,584,0,0.016365941613912582,1,0.7156692324206233,1,5,3,0,M S,Nottingham Forest,0,0.016365941613912582,3.003039238974452,2.3539955895394087
5973,Kenny Tete,22,1790,0,1.595350006595254,2,0.6750296298414469,25,9,5,0,D S,Fulham,0,1.595350006595254,7.372500399127603,6.540642708539963
6034,Philip Billing,10,152,0,0.3570811375975609,0,1.401890940964222,5,8,1,0,M S,Bournemouth,0,0.3570811375975609,1.9741406198590994,0.9171814527362585
6044,Charlie Taylor,8,341,0,0,0,0.05513033643364906,0,1,1,0,D S,Southampton,0,0,0.7140172049403191,0.6588868722319603
6048,Lewis Dunk,25,2083,0,1.1070273127406836,0,0.5168026331812143,12,5,5,0,D S,Brighton,0,1.1070273127406836,10.19734975323081,10.102785553783178
6049,Solly March,8,149,0,0.051454500295221806,0,0.2339879721403122,2,3,2,0,M S,Brighton,0,0.051454500295221806,0.39429784566164017,0.3155219256877899
6054,Ederson,26,2324,0,0,4,1.1925887912511826,0,4,4,0,GK,Manchester City,0,0,5.953033002093434,4.961667595431209
6080,Victor Lindelöf,16,679,0,0,0,0.12252716906368732,0,3,1,0,D S,Manchester United,0,0,1.1769144833087921,1.0819011144340038
6104,Will Hughes,33,2160,0,0.9225301016122103,3,3.364077143371105,22,33,11,0,M S,Crystal Palace,0,0.9225301016122103,9.026491666212678,7.883489057421684
6145,Daichi Kamada,34,1527,0,0.9768787622451782,0,1.8320643100887537,20,20,4,1,M S,Crystal Palace,0,0.9768787622451782,8.12018227763474,6.361981469206512
6157,Timothy Castagne,24,1627,0,0.3606655541807413,1,0.8743397928774357,8,10,1,0,D S,Fulham,0,0.3606655541807413,6.590010182932019,5.578935069963336
6163,Nélson Semedo,34,2897,0,0.9947248105891049,4,2.185204219073057,18,25,8,0,D S,Wolverhampton Wanderers,0,0.9947248105891049,9.799877418205142,7.2230052798986435
6221,Pau Torres,24,2011,0,0.38712109066545963,0,0.1446397490799427,8,3,2,0,D S,Aston Villa,0,0.38712109066545963,7.192430438473821,7.064639877527952
6310,Boubakary Soumare,31,2182,0,0.25613266602158546,0,0.3478336622938514,7,10,8,0,M S,Leicester,0,0.25613266602158546,7.107237534597516,6.826774168759584
6314,Joachim Andersen,30,2678,0,0.8852448537945747,0,0.280512185767293,20,4,7,1,D,"Crystal Palace,Fulham",0,0.8852448537945747,10.6725890384987,10.444070791825652
6418,Hamza Choudhury,4,125,0,0,0,0.3993283584713936,0,2,0,0,M S,Leicester,0,0,0.658692367374897,0.31169407814741135
6490,Manuel Akanji,26,2017,0,1.0098738074302673,0,0.42468701861798763,15,9,3,0,D S,Manchester City,0,1.0098738074302673,13.879725754261017,13.611297756433487
6532,Martin Dubravka,10,900,0,0,0,0,0,0,0,0,GK,Newcastle United,0,0,1.4120896756649017,1.4120896756649017
6630,Joe Willock,32,1043,0,2.0176452044397593,2,3.1126333381980658,18,22,4,0,M S,Newcastle United,0,2.0176452044397593,8.017597679048777,3.4172954158857465
6722,Konstantinos Mavropanos,33,2028,0,1.6612843237817287,0,0.6751785762608051,18,5,4,1,D S,West Ham,0,1.6612843237817287,4.6871272986754775,4.525988888926804
6816,Jean-Clair Todibo,27,1833,0,0.2778066396713257,0,0.02975625265389681,5,2,3,0,D S,West Ham,0,0.2778066396713257,3.5863327868282795,3.5863327868282795
6850,Willy Boly,6,139,0,0.08295150846242905,0,0,1,0,1,0,D S,Nottingham Forest,0,0.08295150846242905,0.13758442923426628,0.13758442923426628
6903,Matz Sels,38,3420,0,0,0,0.5219662692397833,0,2,4,0,GK,Nottingham Forest,0,0,3.724944426678121,3.2029781555756927
6962,Robin Olsen,4,211,0,0,0,0,0,0,0,0,GK S,Aston Villa,0,0,0.4604295790195465,0.4604295790195465
7027,Arijanet Muric,18,1620,0,0,0,0,0,0,1,0,GK,Ipswich,0,0,2.3349773976951838,2.3349773976951838
7047,Mark Flekken,37,3275,0,0,2,0.5480153113603592,0,2,1,0,GK,Brentford,0,0,7.107891340740025,6.884677250869572
7078,Sean Longstaff,25,758,0,0.4065457545220852,0,0.20866851694881916,6,4,2,0,M S,Newcastle United,0,0.4065457545220852,2.1645284295082092,1.791835017502308
7166,Mathias Jensen,24,819,0,0.26936821080744267,2,1.9875654987990856,6,16,2,0,M S,Brentford,0,0.26936821080744267,5.387348018586636,4.161761403083801
7187,Sergio Reguilón,4,187,0,0.1322939433157444,0,0.0298521239310503,2,1,2,0,D S,Tottenham,0,0.1322939433157444,0.7971926778554916,0.696475438773632
7198,Oliver Skipp,24,1095,0,0.2431342415511608,0,0.3397108828648925,5,9,8,0,M S,Leicester,0,0.2431342415511608,2.2539359983056784,1.7920793881639838
7235,Jason Steele,2,180,0,0,0,0,0,0,0,0,GK,Brighton,0,0,0.4078828990459442,0.4078828990459442
7240,Benoit Badiashile Mukinayi,5,323,0,0,0,0,0,0,0,0,D S,Chelsea,0,0,0.7828760668635368,0.7828760668635368
7281,Diogo Dalot,33,2821,0,1.6990829594433308,3,2.5788643723353744,24,26,5,0,D S,Manchester United,0,1.6990829594433308,10.50801149662584,8.384668283164501
7298,Ben White,17,1192,0,0.43378073163330555,2,1.4500398263335228,9,10,2,0,D S,Arsenal,0,0.43378073163330555,4.346273209899664,3.8967273607850075
7332,Max Kilman,38,3348,0,1.714818298816681,1,0.9288761988282204,13,16,5,0,D,West Ham,0,1.714818298816681,7.727036248892546,7.178434561938047
7352,Tyler Adams,28,1965,0,1.4070341289043427,3,1.5068945437669754,9,18,7,0,M S,Bournemouth,0,1.4070341289043427,7.6065224930644035,5.169210600666702
7395,Carlos Vinicius,3,8,0,0.05484353378415108,0,0,1,0,0,0,S,Fulham,0,0.05484353378415108,0.05484353378415108,0
7420,Miguel Almirón,9,138,0,0.4826713129878044,0,0.16637674160301685,6,3,0,0,F S,Newcastle United,0,0.4826713129878044,0.6716924104839563,0.16323585249483585
7438,James Garner,21,1603,0,0.6001764945685863,1,1.2151244198903441,12,12,5,0,D M S,Everton,0,0.6001764945685863,5.435937132686377,4.616085112094879
7582,Mark Travers,5,450,0,0,0,0,0,0,0,0,GK,Bournemouth,0,0,0.5100627075880766,0.5100627075880766
7589,Wesley Fofana,14,1192,0,0.20475389622151852,0,0.5259660333395004,3,6,7,0,D,Chelsea,0,0.20475389622151852,4.953598186373711,4.430655201897025
7688,Max Aarons,3,78,0,0,0,0,0,0,0,0,D S,Bournemouth,0,0,0.9639191627502441,0.9639191627502441
7689,Ben Godfrey,3,165,0,0,0,0,0,0,1,0,D S,Ipswich,0,0,0.225624181330204,0.225624181330204
7699,Adam Webster,14,888,0,0.37646964844316244,0,0.3818966709077358,5,3,1,0,D S,Brighton,0,0.37646964844316244,4.823259890079498,4.751052476465702
7702,Dean Henderson,38,3420,0,0.010927668772637844,0,0.10587046667933464,1,2,3,0,GK,Crystal Palace,0,0.010927668772637844,3.299205945804715,3.19333547540009
7904,Caoimhin Kelleher,10,900,0,0,0,0,0,0,0,0,GK,Liverpool,0,0,1.939537651836872,1.939537651836872
7931,Takehiro Tomiyasu,1,3,0,0.16684184968471527,0,0,1,0,0,0,S,Arsenal,0,0.16684184968471527,0,0
7943,Igor Julio,13,959,0,0.08350001275539398,0,0.14276313595473766,1,2,4,0,D S,Brighton,0,0.08350001275539398,4.970579881221056,4.827816758304834
7988,Billy Gilmour,2,94,0,0.08454305678606033,0,0,1,0,0,0,M S,Brighton,0,0.08454305678606033,1.1755258962512016,1.1755258962512016
8090,Lloyd Kelly,10,303,0,0.2711419649422169,1,0.3751976788043976,3,2,2,0,D S,Newcastle United,0,0.2711419649422169,0.8785770535469055,0.5033793747425079
8093,Brandon Austin,1,90,0,0,0,0,0,0,0,0,GK,Tottenham,0,0,0.404704749584198,0.404704749584198
8119,Boubacar Traore,1,1,0,0,0,0,0,0,0,0,S,Wolverhampton Wanderers,0,0,0,0
8214,Tyrick Mitchell,37,3131,0,1.4204330071806908,5,7.1096850242465734,12,41,2,0,D,Crystal Palace,0,1.4204330071806908,14.724310521036386,7.392835007980466
8252,Nicolás Domínguez,34,1979,0,1.9267512233927846,1,1.4655370814725757,21,13,9,0,M S,Nottingham Forest,0,1.9267512233927846,4.884785549715161,3.6538716042414308
8267,Guido Rodríguez,23,1179,0,0.16269100550562143,1,0.21928240731358528,8,4,6,0,M S,West Ham,0,0.16269100550562143,2.944707117974758,2.794170718640089
8285,Sander Berge,31,2242,0,0.42603625915944576,0,0.7261993493884802,3,18,6,0,M S,Fulham,0,0.42603625915944576,7.763672082684934,6.734488721005619
8291,Daniel Podence,2,36,0,0.044891152530908585,0,0,1,0,0,0,S,Wolverhampton Wanderers,0,0.044891152530908585,0.044891152530908585,0
8384,Armando Broja,10,314,0,0.10446199029684067,0,0.17477769032120705,4,4,1,0,F S,Everton,0,0.10446199029684067,0.7260864749550819,0.45814821776002645
8476,Jarrad Branthwaite,30,2510,0,1.3813873650506139,1,0.6528244335204363,10,3,4,0,D S,Everton,0,1.3813873650506139,4.862649876624346,4.707654871046543
8489,Jorge Cuenca,8,352,0,0.01599409058690071,0,0,1,0,0,0,D S,Fulham,0,0.01599409058690071,1.164096750319004,1.164096750319004
8496,Tommy Doyle,24,431,0,0.3624565312638879,1,0.3475889293476939,9,7,1,0,M S,Wolverhampton Wanderers,0,0.3624565312638879,2.1030837008729577,1.6141937281936407
8562,Luke Thomas,14,1123,0,0.34869277104735374,0,0.41817436274141073,5,8,3,0,D S,Leicester,0,0.34869277104735374,1.7490677423775196,1.388859000056982
8635,Sven Botman,8,424,0,0.7963292263448238,0,0.6542200557887554,5,2,1,0,D S,Newcastle United,0,0.7963292263448238,1.063561487942934,1.063561487942934
8666,Cheick Oumar Doucoure,13,439,0,0.3654052410274744,0,0.013936278410255909,7,1,1,0,M S,Crystal Palace,0,0.3654052410274744,3.558414466679096,3.2809753883630037
8719,Kalvin Phillips,19,1247,0,0.4593092957511544,0,0.3231524731963873,11,5,4,1,M S,Ipswich,0,0.4593092957511544,2.4181056451052427,2.1468016486614943
8756,Dara O&#039;Shea,35,3129,0,1.5649987170472741,2,0.7030826602131128,22,3,6,0,D,Ipswich,0,1.5649987170472741,8.610395619645715,7.782098321244121
8780,Joël Veltman,21,1714,0,0.7976804617792368,0,0.7567648589611053,6,6,5,0,D S,Brighton,0,0.7976804617792368,6.476554710417986,5.0723008420318365
8786,Stefan Ortega Moreno,13,1096,0,0,0,0,0,0,1,0,GK S,Manchester City,0,0,2.8627792466431856,2.8627792466431856
8808,Wataru Endo,20,226,0,0,0,0.06703786551952362,0,2,0,0,M S,Liverpool,0,0,1.2031035460531712,1.1583239622414112
8831,Iyenoma Destiny Udogie,25,1949,0,0.3497059941291809,1,1.2607239335775375,5,16,2,0,D S,Tottenham,0,0.3497059941291809,9.83161280490458,9.174497099593282
8852,Konstantinos Tsimikas,18,819,0,0.5641818605363369,1,2.597917679697275,4,16,2,0,D S,Liverpool,0,0.5641818605363369,7.063847681507468,5.982297686859965
8858,Guglielmo Vicario,24,2160,0,0,0,0,0,0,1,0,GK,Tottenham,0,0,5.163849472999573,5.163849472999573
8905,Conor Townsend,6,326,0,0.043418992310762405,1,0.8038922008126974,1,4,1,0,D S,Ipswich,0,0.043418992310762405,1.1632227841764688,0.4409727454185486
8940,Antonee Robinson,36,3166,0,1.0538900159299374,10,4.40445202216506,16,43,9,0,D M S,Fulham,0,1.0538900159299374,16.498610505834222,13.76876728888601
8961,Rúben Dias,27,2262,0,1.335742843337357,0,0.21338675543665886,21,5,4,0,D S,Manchester City,0,1.335742843337357,14.734221961349249,14.567276891320944
8965,Vladimir Coufal,22,1052,0,0.32362124137580395,0,0.5783606953918934,7,8,5,0,D M S,West Ham,0,0.32362124137580395,3.653033196926117,3.296148657798767
9017,Malo Gusto,32,1838,0,1.5562147982418537,1,1.343290576711297,22,22,4,0,D S,Chelsea,0,1.5562147982418537,10.980210773646832,9.03074331022799
9098,Robert Sánchez,32,2880,0,0,0,0.016188031062483788,0,1,5,0,GK,Chelsea,0,0,6.038596088066697,6.022408057004213
9105,Radu Dragusin,16,1264,0,0.17725946567952633,0,0.5174331180751324,5,4,1,0,D S,Tottenham,0,0.17725946567952633,4.84899147041142,4.778011908754706
9251,Christian Walton,7,630,0,0,0,0.01685086265206337,0,1,0,0,GK,Ipswich,0,0,0.18078524991869926,0.1639343872666359
9272,Filip Jorgensen,6,540,0,0,0,0,0,0,0,0,GK,Chelsea,0,0,1.4331071376800537,1.4331071376800537
9284,Jakub Moder,4,4,0,0,0,0.2036565337330103,0,3,0,0,S,Brighton,0,0,0.13312120735645294,0.0772198848426342
9332,Dane Scarlett,3,25,0,0.2694910168647766,1,0.07612059265375137,1,1,0,0,S,Tottenham,0,0.2694910168647766,0.345611609518528,0
9512,Valentino Livramento,37,2848,0,0.3249886427074671,1,3.147453512996435,6,25,1,0,D S,Newcastle United,0,0.3249886427074671,13.396901009604335,10.808134069666266
9554,Tim Iroegbunam,18,533,0,0.20852449536323547,1,0.17536944895982742,5,3,4,0,M S,Everton,0,0.20852449536323547,1.8715934120118618,1.4876995496451855
9676,David Raya,38,3420,0,0,0,0.09363602846860886,0,1,3,0,GK,Arsenal,0,0,6.110358167439699,6.01672213897109
9677,Kristoffer Ajer,24,1450,0,1.142456667497754,0,1.4724152060225606,9,9,5,0,D S,Brentford,0,1.142456667497754,4.822844059206545,2.9706503534689546
9679,Rico Henry,5,80,0,0,0,0,0,0,0,0,S,Brentford,0,0,1.0035428777337074,1.0035428777337074
9681,Frank Onyeka,2,18,0,0,0,0,0,0,0,0,S,Brentford,0,0,0,0
9685,Mads Roerslev,19,1079,0,0.22195007745176554,2,2.790492530912161,5,14,2,0,D S,Brentford,0,0.22195007745176554,5.177352083846927,2.4616973884403706
9710,Armel Bella Kotchap,4,331,0,0.2672498822212219,0,0,1,0,0,0,D S,Southampton,0,0.2672498822212219,0.7146918140351772,0.7146918140351772
9739,Kiernan Dewsbury-Hall,13,234,0,0.08943549543619156,1,0.8056687042117119,1,3,0,0,M S,Chelsea,0,0.08943549543619156,1.3387737199664116,0.44366946816444397
9740,José Sá,29,2610,0,0,0,0.06530709005892277,0,3,2,0,GK,Wolverhampton Wanderers,0,0,1.1575271990150213,1.0922201070934534
9752,Jesper Lindstrom,25,1279,0,2.0184412728995085,1,2.881908133625984,28,19,2,0,M S,Everton,0,2.0184412728995085,5.934147605672479,3.5494546946138144
9958,Yerson Mosquera,5,448,0,0.4660062603652477,0,0.09450100734829903,2,2,2,0,D,Wolverhampton Wanderers,0,0.4660062603652477,1.0699441889300942,0.9818695159628987
10004,Romeo Lavia,16,830,0,0.14645132422447205,1,0.7232360076159239,2,7,4,0,M S,Chelsea,0,0.14645132422447205,2.7111929208040237,1.9501979053020477
10025,Lamare Bogarde,8,478,0,0.06506926566362381,0,0.17532425373792648,1,2,2,0,D M S,Aston Villa,0,0.06506926566362381,1.8142753783613443,1.5738818291574717
10036,Jeremy Sarmiento,1,4,0,0,0,0,0,0,0,0,S,Brighton,0,0,0.09746789187192917,0.09746789187192917
10050,Micky van de Ven,13,1031,0,0.7710057385265827,2,1.1784075498580933,6,2,4,0,D S,Tottenham,0,0.7710057385265827,5.82832533121109,4.649917840957642
10053,Paris Maghoma,8,89,0,0.03555043041706085,0,0.10649818927049637,1,1,0,0,S,Brentford,0,0.03555043041706085,1.1534059420228004,1.011357307434082
10072,Samuel Edozie,2,57,0,0,0,0.08171311765909195,0,1,1,0,S,Southampton,0,0,0.6017810702323914,0.5200679302215576
10120,Conor Bradley,19,736,0,1.1355030871927738,2,1.9162586014717817,10,7,4,0,D S,Liverpool,0,1.1355030871927738,7.865552997216582,5.193093849346042
10184,Archie Gray,28,1729,0,0.029445655643939972,0,0.15263863280415535,1,3,1,0,D M S,Tottenham,0,0.029445655643939972,4.387982405722141,4.24487853422761
10187,Jarell Quansah,13,478,0,0.09152641892433167,0,0.10514529794454575,1,2,2,0,D S,Liverpool,0,0.09152641892433167,2.4939724653959274,2.420603469014168
10216,Lewis Hall,27,2200,0,0.5363848507404327,4,3.951083693653345,11,33,3,0,D S,Newcastle United,0,0.5363848507404327,12.689174748957157,10.644899234175682
10292,Nathan Patterson,10,332,0,0.07110223919153214,1,0.4205229729413986,1,4,1,0,D S,Everton,0,0.07110223919153214,0.6194286607205868,0.4873095341026783
10293,Toti,31,2622,0,0.9773350562900305,1,0.9932401478290558,7,9,7,0,D S,Wolverhampton Wanderers,0,0.9773350562900305,7.0250079073011875,6.87811416387558
10327,Chiquinho,1,5,0,0,0,0.016207994893193245,0,1,0,0,S,Wolverhampton Wanderers,0,0,0.06109914928674698,0.06109914928674698
10564,Leny Yoro,21,1152,0,1.1257849335670471,0,0.05382058396935463,5,2,5,0,D S,Manchester United,0,1.1257849335670471,4.256799969822168,3.4262867253273726
10696,Noussair Mazraoui,37,2881,0,0.814534755423665,1,1.5644007651135325,13,20,3,0,D S,Manchester United,0,0.814534755423665,10.547775242477655,9.085838556289673
10697,Ryan Gravenberch,37,3199,0,1.3318934980779886,4,2.415423891507089,20,26,6,1,M,Liverpool,0,1.3318934980779886,21.408910930156708,19.362357161939144
10718,Jay Stansfield,1,1,0,0,0,0,0,0,0,0,S,Fulham,0,0,0,0
10721,Sepp van den Berg,31,2602,0,2.1477734111249447,0,1.029765497893095,20,7,3,0,D S,Brentford,0,2.1477734111249447,11.545481179840863,9.674979363568127
10747,James Hill,10,458,0,0.19451502338051796,1,0.3440760616213083,6,3,1,0,D S,Bournemouth,0,0.19451502338051796,2.397958781570196,2.091702576726675
10758,Harry Toffolo,4,122,0,0.022599829360842705,0,0,1,0,1,0,D S,Nottingham Forest,0,0.022599829360842705,0.042361821979284286,0.01976199261844158
10803,Tyrell Malacia,3,102,0,0,0,0.062010977417230606,0,1,1,0,D S,Manchester United,0,0,0.062010977417230606,0
10864,Marcos Senesi,17,1117,0,0.6511894948780537,0,0.23828684724867344,2,5,5,0,D S,Bournemouth,0,0.6511894948780537,4.348518039099872,4.168585720472038
10913,André Onana,34,3060,0,0,0,0.31468600034713745,0,1,0,0,GK,Manchester United,0,0,5.308094757609069,4.993408787064254
10945,Santiago Bueno,29,1672,0,0.3284060172736645,0,0,6,0,2,0,D S,Wolverhampton Wanderers,0,0.3284060172736645,3.8933305330574512,3.8738088496029377
11094,Antony,8,119,0,0.6254736389964819,0,0.22945007402449846,6,3,0,0,S,Manchester United,0,0.6254736389964819,1.066591788083315,0.3265676498413086
11146,Ryan Trevitt,1,1,0,0,0,0,0,0,0,0,S,Brentford,0,0,0,0
11164,Martial Godo,2,16,0,0,0,0.08341337740421295,0,1,0,0,S,Fulham,0,0,0.08341337740421295,0
11167,Chadi Riad,1,90,0,0,0,0,0,0,0,0,D,Crystal Palace,0,0,0.3966957628726959,0.3966957628726959
11174,Kobbie Mainoo,25,1660,0,0.7448182795196772,0,2.04548772983253,15,14,5,0,F M S,Manchester United,0,0.7448182795196772,6.994521474465728,4.4265395030379295
11242,Divin Mubama,1,26,0,0.06255101412534714,0,0,1,0,0,0,S,Manchester City,0,0.06255101412534714,0,0
11272,Nathan Butler-Oyedeji,1,1,0,0.09475569427013397,0,0,1,0,0,0,S,Arsenal,0,0.09475569427013397,0.09475569427013397,0
11281,Michael Kayode,12,527,0,0.1810818612575531,1,0.9814028739929199,2,8,2,0,D S,Brentford,0,0.1810818612575531,2.794493567198515,1.6320087760686874
11305,Mykhailo Mudryk,7,133,0,0.1225307434797287,0,1.0799011290073395,1,2,0,0,M S,Chelsea,0,0.1225307434797287,1.4741904512047768,0.2717585638165474
11317,Danilo,8,275,0,0,0,0,0,0,0,0,M S,Nottingham Forest,0,0,2.1522383373230696,2.1522383373230696
11359,James Bree,17,1077,0,0.10935381054878235,1,1.0717255100607872,4,9,0,0,D S,Southampton,0,0.10935381054878235,3.7004061806946993,3.000851457938552
11361,Daniel Bentley,2,180,0,0,0,0,0,0,0,0,GK,Wolverhampton Wanderers,0,0,0.03242262825369835,0.03242262825369835
11367,Victor Kristiansen,30,2510,0,0.15955020301043987,1,1.6646690927445889,3,18,1,0,D M S,Leicester,0,0.15955020301043987,6.266841299831867,5.768991779536009
11383,Renato Veiga,7,143,0,0.13544834405183792,0,0,3,0,2,0,M S,Chelsea,0,0.13544834405183792,0.8124905750155449,0.798570029437542
11409,Kaelan Casey,1,1,0,0,0,0,0,0,0,0,S,West Ham,0,0,0,0
11486,Illia Zabarnyi,36,3116,0,1.3495636964216828,1,0.9619763027876616,12,12,4,1,D S,Bournemouth,0,1.3495636964216828,7.431322017684579,7.211819479241967
11618,Samuel Amo-Ameyaw,2,21,0,0.032747477293014526,0,0.039343107491731644,1,1,1,0,S,Southampton,0,0.032747477293014526,0.07209058851003647,0
11633,Marc Guiu,3,60,0,0,0,0.04049580916762352,0,1,0,0,S,Chelsea,0,0,0.10768561065196991,0.10768561065196991
11711,Bart Verbruggen,36,3240,0,0,1,0.053101878613233566,0,1,5,0,GK,Brighton,0,0,6.665416944772005,6.6123150661587715
11719,Chiedozie Ogbene,5,237,0,0,0,0.07338971272110939,0,2,0,0,M S,Ipswich,0,0,0.08639794308692217,0.013008230365812778
11745,Julián Araujo,12,496,0,0,0,0.0628243163228035,0,1,2,0,D S,Bournemouth,0,0,1.8003496639430523,1.8003496639430523
11763,Abduqodir Khusanov,6,506,0,0.015545766800642014,0,0.10573065932840109,1,2,1,0,D,Manchester City,0,0.015545766800642014,2.7786731719970703,2.763522148132324
11772,Yehor Yarmolyuk,31,1416,0,0.7878594100475311,0,1.025589969009161,9,9,6,0,M S,Brentford,0,0.7878594100475311,5.0115865878760815,4.2129704765975475
11815,Ben Brereton Díaz,10,438,0,1.3112603276968002,0,0.1556207612156868,11,3,1,0,F M S,Southampton,0,1.3112603276968002,2.001358740031719,0.5646974295377731
11903,Oscar Bobb,3,9,0,0,0,0.09015875309705734,0,1,0,0,S,Manchester City,0,0,0.09015875309705734,0
11926,Edson Álvarez,28,1772,0,0.319299204275012,1,0.7971771331503987,12,12,7,1,D M S,West Ham,0,0.319299204275012,4.297576429322362,3.420444831252098
11944,Patrick Dorgu,12,843,0,0.39472571574151516,0,0.9689584393054247,10,11,3,1,D S,Manchester United,0,0.39472571574151516,2.9226090274751186,1.9455055128782988
11984,Youssef Chermiti,4,33,0,0.17105042561888695,0,0,3,0,1,0,S,Everton,0,0.17105042561888695,0.13712852075695992,0.07517127692699432
12054,Altay Bayindir,4,360,0,0,0,0,0,0,0,0,GK,Manchester United,0,0,0.1752907931804657,0.1752907931804657
12136,Kim Ji-Soo,3,19,0,0,0,0,0,0,0,0,S,Brentford,0,0,0,0
12149,Alex Scott,20,764,0,0.7000175742432475,0,1.2158988821320236,15,12,3,0,M S,Bournemouth,0,0.7000175742432475,3.5423473911359906,1.8692646883428097
12193,Alfie Dorrington,1,9,0,0,0,0,0,0,0,0,S,Tottenham,0,0,0,0
12245,Tom King,1,1,0,0,0,0,0,0,0,0,S,Wolverhampton Wanderers,0,0,0,0
12296,Lewis Orford,2,43,0,0.01565716043114662,0,0.026907483115792274,1,1,0,0,S,West Ham,0,0.01565716043114662,0.22823013365268707,0.22823013365268707
12358,Oliver Scarles,15,644,0,0.13733690045773983,0,0.11610511690378189,3,3,1,0,D M S,West Ham,0,0.13733690045773983,0.7346537318080664,0.5881846826523542
12409,Adam Wharton,20,1337,0,0.33576022181659937,2,3.3524712435901165,13,26,2,0,M S,Crystal Palace,0,0.33576022181659937,6.537219719961286,5.249624631367624
12410,Joshua King,8,115,0,0.5880258642137051,0,0.7531819939613342,3,3,0,0,M S,Fulham,0,0.5880258642137051,1.37447259016335,0.49542589858174324
12455,Jayden Danns,1,3,0,0,0,0,0,0,0,0,S,Liverpool,0,0,0,0
12461,Toby Collyer,6,159,0,0.050947535783052444,0,0.16184047795832157,1,2,0,0,S,Manchester United,0,0.050947535783052444,0.8362514898180962,0.6744109764695168
12535,Josh Acheampong,4,172,0,0.16821566224098206,0,0,2,0,1,0,D S,Chelsea,0,0.16821566224098206,0.6639772951602936,0.6639772951602936
12559,Harry Amass,5,347,0,0.08970431052148342,0,0.04916497692465782,3,1,0,0,D S,Manchester United,0,0.08970431052148342,1.3546761870384216,1.2308019548654556
12595,Hákon Valdimarsson,2,145,0,0,0,0,0,0,0,0,GK S,Brentford,0,0,0.23789019882678986,0.23789019882678986
12603,Mikey Moore,10,351,0,0.16382673382759094,1,0.6736010685563087,3,3,0,0,F M S,Tottenham,0,0.16382673382759094,1.1337775886058807,0.846306886523962
12633,Yunus Konak,10,25,0,0.10903885960578918,0,0,1,0,0,0,S,Brentford,0,0.10903885960578918,0.41917112469673157,0.3101322650909424
12746,Luke Woolfenden,15,1170,0,0.0580514557659626,0,0,1,0,2,0,D S,Ipswich,0,0.0580514557659626,1.306849337182939,1.306849337182939
12747,Massimo Luongo,11,185,0,0,0,0,0,0,0,0,M S,Ipswich,0,0,0,0
12749,Wes Burns,18,962,0,0.41338271275162697,1,2.2046328485012054,7,10,1,0,M S,Ipswich,0,0.41338271275162697,3.0202110949903727,0.9018877614289522
12751,Ali Al-Hamadi,11,98,0,0.5323996320366859,0,0.07849547080695629,4,2,3,0,S,Ipswich,0,0.5323996320366859,0.6907828329131007,0.24549709539860487
12753,Marcus Harness,2,37,0,0,0,0,0,0,0,0,S,Ipswich,0,0,0,0
12755,Cameron Burgess,18,1538,0,0.9312757514417171,2,0.376679259352386,10,7,0,0,D S,Ipswich,0,0.9312757514417171,4.114149808883667,3.429916113615036
12757,Harrison Armstrong,3,41,0,0.2571773827075958,0,0.07110223919153214,1,1,1,0,S,Everton,0,0.2571773827075958,0.32827961444854736,0
12762,Joe Lumley,3,270,0,0,0,0,0,0,0,0,GK,Southampton,0,0,0.13133640587329865,0.13133640587329865
12763,Nathan Wood,11,780,0,0.29378557205200195,0,0.021479303017258644,2,1,2,0,D S,Southampton,0,0.29378557205200195,2.371581122279167,2.3501018211245537
12765,Eric da Silva Moreira,2,27,0,0,0,0,0,0,0,0,S,Nottingham Forest,0,0,0,0
12774,Andy Irving,10,142,0,0.10817551892250776,0,0.28213629126548767,4,1,2,0,M S,West Ham,0,0.10817551892250776,1.0017768368124962,0.9420072957873344
12775,Kosta Nedeljkovic,5,109,0,0,0,0,0,0,0,0,S,Aston Villa,0,0,0.18579712882637978,0.18579712882637978
12782,Woyo Coulibaly,4,107,0,0.07459224760532379,0,0,2,0,1,0,D S,Leicester,0,0.07459224760532379,0.0910294447094202,0.016437197104096413
12808,Mathis Amougou,1,5,0,0,0,0,0,0,0,0,S,Chelsea,0,0,0,0
12880,Albert Grønbæk,4,150,0,0.060219261795282364,0,0.03122548572719097,2,1,0,0,F M S,Southampton,0,0.060219261795282364,0.08345328830182552,0.02323402650654316
12910,Mads Hermansen,27,2388,0,0,0,0,0,0,1,0,GK,Leicester,0,0,2.3339753225445747,2.3339753225445747
12911,Abdul Fatawu,11,571,0,0.46604868955910206,2,1.4724965319037437,13,6,0,0,D F M S,Leicester,0,0.46604868955910206,2.3615895370021462,1.3566849753260612
12912,Lucas Bergvall,27,1187,0,0.6092278761789203,1,0.7203583419322968,11,11,3,0,M S,Tottenham,0,0.6092278761789203,5.082979638129473,4.340266279876232
12946,Roman Dixon,1,90,0,0,0,0,0,0,0,0,D,Everton,0,0,0.08859848231077194,0.08859848231077194
12947,George Edmundson,1,1,0,0,0,0,0,0,0,0,S,Ipswich,0,0,0,0
13019,Jack Clarke,32,1151,0,1.3016396705061197,4,2.666540065780282,17,28,2,0,M S,Ipswich,0,1.3016396705061197,5.49640105292201,1.9239521846175194
13022,André,33,2538,0,0.2956870160996914,0,0.8052516058087349,10,18,7,0,M S,Wolverhampton Wanderers,0,0.2956870160996914,9.497647654265165,8.866849983111024
13026,Luis Guilherme,12,121,0,0.3657259922474623,0,0.10995930060744286,4,3,0,0,M S,West Ham,0,0.3657259922474623,0.7313005086034536,0.4087594524025917
13039,Asher Agbinone,2,2,0,0.015191496349871159,0,0.023866645991802216,1,1,0,0,S,Crystal Palace,0,0.015191496349871159,0.036948622204363346,0.01308197621256113
13067,Jayden Meghoma,1,3,0,0,0,0,0,0,0,0,S,Brentford,0,0,0,0
13068,Morato,26,852,0,0.1037580780684948,0,0,2,0,5,0,D S,Nottingham Forest,0,0.1037580780684948,2.077718833461404,2.077718833461404
13080,Ayden Heaven,4,167,0,0.060109693557024,0,0.012095056474208832,2,1,1,0,D S,Manchester United,0,0.060109693557024,0.3067154213786125,0.2946203574538231
13092,Carlos Forbs,10,210,0,0.14554984867572784,0,0.03507748618721962,2,1,2,0,M S,Wolverhampton Wanderers,0,0.14554984867572784,0.452562496997416,0.30675258580595255
13103,Vítezslav Jaros,1,9,0,0,0,0,0,0,0,0,S,Liverpool,0,0,0,0
13117,Alfie Pond,1,1,0,0,0,0,0,0,0,0,S,Wolverhampton Wanderers,0,0,0,0
13127,Will Lankshear,3,6,0,0,0,0,0,0,0,0,S,Tottenham,0,0,0,0
13130,Caleb Kporha,2,5,0,0,0,0,0,0,0,0,S,Crystal Palace,0,0,0.0719930911436677,0.0719930911436677
13133,Harry Clarke,7,378,0,0.056514352560043335,0,0.06540583074092865,1,1,1,1,D S,Ipswich,0,0.056514352560043335,1.269033445045352,1.269033445045352
13134,Ryan Manning,24,1495,0,0.33678340539336205,1,3.371531819924712,8,34,2,0,D M S,Southampton,0,0.33678340539336205,5.233867669478059,3.998649872839451
13156,Pedro Lima,3,68,0,0.05142717435956001,0,0.07187306135892868,1,2,0,0,D S,Wolverhampton Wanderers,0,0.05142717435956001,0.13705480471253395,0.05479290708899498
13185,Jahmai Simpson-Pusey,2,94,0,0,0,0,0,0,1,0,D S,Manchester City,0,0,1.0117364432662725,1.0117364432662725
13222,Thiago,8,148,0,0.10944201238453388,0,0.11445537582039833,2,2,0,0,F S,Brentford,0,0.10944201238453388,0.6678886283189058,0.4439912438392639
13239,Ronnie Edwards,1,7,0,0,0,0,0,0,0,0,S,Southampton,0,0,0,0
13242,Ben Winterburn,4,17,0,0,0,0,0,0,0,0,S,Bournemouth,0,0,0.016115183010697365,0.016115183010697365
13301,Jakub Stolarczyk,10,900,0,0,0,0,0,0,1,0,GK,Leicester,0,0,1.888207919895649,1.888207919895649
13302,Will Alves,1,1,0,0,0,0,0,0,0,0,S,Leicester,0,0,0,0
13307,Remy Rees-Dottin,1,1,0,0,0,0,0,0,0,0,S,Bournemouth,0,0,0,0
13348,Antonín Kinsky,6,540,0,0,0,0.22034624218940735,0,1,0,0,GK,Tottenham,0,0,1.1644498407840729,1.1644498407840729
13351,Zain Silcott-Duberry,1,1,0,0,0,0,0,0,0,0,S,Bournemouth,0,0,0,0
13380,Vitor Reis,1,1,0,0,0,0,0,0,0,0,S,Manchester City,0,0,0,0
13392,Andrés García,7,325,0,0.0354386642575264,0,0.26880658976733685,2,3,0,0,D S,Aston Villa,0,0.0354386642575264,1.4220801051706076,1.2403724566102028
13403,Welington,10,481,0,0.0432555852457881,0,0.07151559740304947,3,3,1,0,D M S,Southampton,0,0.0432555852457881,0.40477436408400536,0.3332587666809559
13459,Eiran Cashin,2,18,0,0,0,0,0,0,0,0,S,Brighton,0,0,0.010383612476289272,0.010383612476289272
13463,Nasser Djiga,5,65,0,0,0,0,0,0,0,0,D S,Wolverhampton Wanderers,0,0,0.07505488395690918,0.07505488395690918
13466,Chido Obi-Martin,7,145,0,0.5575938895344734,0,0,5,0,1,0,F S,Manchester United,0,0.5575938895344734,0.8561866730451584,0.34466181695461273
13467,Tyler Fredricson,2,170,0,0,0,0,0,0,0,0,D,Manchester United,0,0,0.29411039501428604,0.29411039501428604
13474,Julio Soler,3,7,0,0,0,0,0,0,0,0,S,Bournemouth,0,0,0,0
13476,Shumaira Mheuka,1,1,0,0.025054186582565308,0,0,1,0,0,0,S,Chelsea,0,0.025054186582565308,0,0
13484,Mateus Mané,1,1,0,0,0,0,0,0,0,0,S,Wolverhampton Wanderers,0,0,0,0
13579,Jeremy Monga,7,77,0,0.2071486935019493,0,0.018543284386396408,3,1,0,0,S,Leicester,0,0.2071486935019493,0.31338607892394066,0.08769410848617554
13582,Jay Robinson,4,122,0,0.05553441867232323,0,0.6817478071898222,1,3,0,0,M S,Southampton,0,0.05553441867232323,0.873368987813592,0.13608679175376892
13584,Harry Howell,1,4,0,0,0,0,0,0,0,0,S,Brighton,0,0,0.014361405745148659,0.014361405745148659
13585,Jake Evans,4,12,0,0,0,0,0,0,0,0,S,Leicester,0,0,0,0
13586,Olabade Aluko,1,1,0,0,0,0,0,0,0,0,S,Leicester,0,0,0,0
13588,Gustavo Nunes,3,8,0,0,0,0,0,0,0,0,S,Brentford,0,0,0,0
13606,Michael Golding,1,1,0,0,0,0,0,0,0,0,S,Leicester,0,0,0,0
13636,Joachim Kayi-Sanda,2,9,0,0,0,0,0,0,0,0,S,Southampton,0,0,0.13608679175376892,0.13608679175376892
13649,Claudio Echeverri,1,4,0,0,0,0,0,0,0,0,S,Manchester City,0,0,0,0
