id,player_name,games,time,goals,xG,assists,xA,shots,key_passes,yellow_cards,red_cards,position,team_title,npg,npxG,xGChain,xGBuildup
8260,Erling Haaland,32,2709,24,25.881929002702236,7,4.856390120461583,116,22,2,0,F S,Manchester City,21,22.83725356310606,29.376764811575413,5.122202264145017
13222,Thiago,33,2842,21,22.571955479681492,1,3.2321696132421494,76,20,6,0,F S,Brentford,14,16.482604697346687,20.595781676471233,4.344434231519699
11363,Antoine Semenyo,32,2844,15,11.893739273771644,4,3.6163670290261507,76,34,7,0,F M,"Bournemouth,Manchester City",14,10.371401576325297,18.89450965076685,6.852891201153398
8272,João Pedro,32,2428,14,14.404079712927341,5,3.9609613977372646,66,28,4,0,F M S,Chelsea,14,14.404079712927341,17.962371189147234,4.698262149468064
501,Danny Welbeck,33,1997,13,12.203187271952629,0,1.9549548253417015,50,19,5,0,F S,Brighton,12,9.919680627062917,13.247568365186453,3.454270198009908
6857,Morgan Gibbs-White,33,2852,12,9.790348038077354,2,3.089745642617345,73,43,1,0,F M S,Nottingham Forest,11,9.029179200530052,13.900256734341383,4.174816984683275
7254,Viktor Gyokeres,31,2022,12,11.350188743323088,0,2.0942770866677165,47,16,5,0,F S,Arsenal,9,9.066682171076536,12.463673628866673,3.1395355220884085
5555,Dominic Calvert-Lewin,31,2391,11,15.742361227050424,1,1.47741187363863,66,17,1,0,F S,Leeds,8,12.697722652927041,15.05962867103517,2.0362437944859266
8865,Ollie Watkins,32,2527,11,14.68905489705503,2,2.7094502821564674,67,20,3,0,F S,Aston Villa,11,14.68905489705503,18.944578912109137,3.627886996604502
8995,Hugo Ekitike,28,1835,11,11.932188130915165,4,2.49130567535758,65,21,0,0,F S,Liverpool,11,11.932188130915165,16.322998896241188,4.886437067762017
11504,Eli Junior Kroupi,29,1393,11,7.429393777623773,0,1.7774117784574628,39,21,5,0,F M S,Bournemouth,10,6.6682249289005995,9.88695203512907,3.9402415230870247
5596,Harry Wilson,31,2504,10,5.438789000734687,6,5.285535452887416,70,32,6,0,M S,Fulham,10,5.438789000734687,9.926736574620008,3.220500471070409
5735,Jean-Philippe Mateta,26,2011,10,14.115864399820566,0,1.1761560291051865,57,7,2,0,F S,Crystal Palace,6,11.071188900619745,12.833418361842632,1.6822488848119974
4105,Raúl Jiménez,32,2039,9,11.652981854975224,3,1.8511479943990707,66,23,5,0,F S,Fulham,5,8.608306463807821,10.098384372889996,1.3657792955636978
6026,Richarlison,27,1527,9,7.298861098475754,3,2.2386398361995816,48,15,5,0,F M S,Tottenham,9,7.298861098475754,8.93841358833015,1.9837692137807608
6552,Bryan Mbeumo,28,2349,9,9.723879012279212,3,4.381134629249573,61,39,4,0,F M S,Manchester United,9,9.723879012279212,17.466424867510796,5.314889772795141
8327,Bruno Guimarães,24,2048,9,5.850301869213581,4,3.63460311666131,33,39,5,0,M S,Newcastle United,7,4.327964194118977,12.049735840409994,7.890650875866413
8497,Cole Palmer,22,1647,9,8.872933108359575,1,1.971101464703679,53,22,4,0,F M S,Chelsea,4,5.067089010030031,14.10907256603241,8.35258630476892
11974,Benjamin Sesko,28,1496,9,10.378642336465418,1,0.5251399390399456,57,8,2,0,F S,Manchester United,9,10.378642336465418,11.926156617701054,1.5266024935990572
12412,Morgan Rogers,33,2941,9,6.790201490744948,5,6.546442920342088,76,43,6,0,F M,Aston Villa,9,6.790201490744948,15.456964997574687,5.6810001991689205
13729,Zian Flemming,25,1456,9,8.447324701584876,0,0.5873210467398167,45,8,3,0,F S,Burnley,7,6.924987022764981,6.4247628739103675,1.3639828730374575
1228,Bruno Fernandes,30,2632,8,11.236784948967397,18,13.77549147605896,75,110,4,0,M,Manchester United,4,6.669771890155971,20.34626032691449,8.925826661288738
1776,Jarrod Bowen,33,2966,8,7.782974906265736,8,5.999787187203765,71,35,4,0,F M,West Ham,7,7.021806061267853,12.098600454628468,3.1234484706074
2248,Casemiro,31,2387,8,5.710306715220213,2,2.934796042740345,45,32,8,1,M S,Manchester United,8,5.710306715220213,13.046990115195513,8.955034162849188
7080,Matheus Cunha,30,2245,8,5.92956162057817,2,2.6576727889478207,78,28,3,0,F M S,Manchester United,8,5.92956162057817,14.243052572011948,7.827565113082528
9983,Beto,33,1338,8,9.70299731940031,1,0.8944885302335024,38,10,2,0,F S,Everton,8,9.70299731940031,10.682039707899094,0.8708279877901077
11356,Enzo Fernández,32,2789,8,11.353726161643863,3,7.778655797243118,63,57,8,0,M S,Chelsea,6,9.831388464197516,25.835174560546875,15.33154895529151
1250,Mohamed Salah,24,2010,7,8.465893000364304,6,5.763305298052728,62,47,1,0,F M S,Liverpool,6,7.704724162817001,15.717481642961502,5.565700076520443
5675,Ismaila Sarr,22,1792,7,8.417320661246777,1,1.9189726877957582,35,15,2,0,F M S,Crystal Palace,5,6.8949829414486885,9.334546133875847,2.352248603478074
6055,Phil Foden,28,1838,7,6.085879135876894,3,4.84306940343231,51,45,4,0,F M S,Manchester City,7,6.085879135876894,18.256577191874385,10.59909794665873
8117,Nick Woltemade,29,1717,7,7.789635218679905,3,1.6837366092950106,31,14,0,0,F M S,Newcastle United,6,7.028466381132603,7.067031094804406,2.028342917561531
9156,Kevin Schade,30,2420,7,10.608132360503078,3,4.565257132053375,51,29,6,1,F M S,Brentford,7,9.846963522955775,16.086259853094816,3.882648851722479
9739,Kiernan Dewsbury-Hall,26,2200,7,3.730691362172365,4,5.720534685999155,32,30,6,0,M S,Everton,7,3.730691362172365,11.686450354754925,6.375396005809307
10746,Jaidon Anthony,33,2417,7,4.837819145061076,1,4.131280887871981,48,34,4,0,F M S,Burnley,7,4.837819145061076,10.580666065216064,4.926062572747469
11966,Noah Okafor,27,1526,7,5.841237271204591,1,2.1173608228564262,33,17,3,0,F M S,Leeds,7,5.841237271204591,10.335041435435414,3.821857213973999
6544,Lukas Nmecha,27,909,6,7.2632485162466764,1,0.9115723762661219,27,7,0,0,F S,Leeds,4,4.979741981253028,4.998091131448746,1.097790252417326
7322,Bukayo Saka,27,2010,6,8.220870432443917,3,6.403588719666004,63,53,1,0,F M S,Arsenal,5,7.4597015948966146,17.951708167791367,7.373335309326649
8150,Anthony Gordon,26,1888,6,8.756197515875101,2,3.714877739548683,48,26,3,1,F M S,Newcastle United,3,6.472690913826227,10.976929228752851,4.042658658698201
8706,Eberechi Eze,28,1633,6,3.915752137079835,2,2.570621009916067,50,15,1,0,F M S,"Arsenal,Crystal Palace",6,3.915752137079835,9.366225454956293,3.777543930336833
9307,Iliman Ndiaye,27,2355,6,4.93572006188333,3,3.987271560356021,33,27,2,0,M,Everton,4,3.413382364436984,12.49234053120017,5.537108452059329
9789,Brian Brobbey,26,1543,6,5.115832969546318,1,1.0872187707573175,27,10,5,0,F S,Sunderland,6,5.115832969546318,6.588489320129156,0.946492038667202
10741,Marcus Tavernier,30,2424,6,8.671947657130659,4,4.574723359197378,63,41,5,0,M S,Bournemouth,4,7.1496099550276995,14.917124595493078,6.792369209229946
11296,Cody Gakpo,31,2333,6,8.287762891501188,5,6.28101815469563,78,48,2,0,F M S,Liverpool,6,8.287762891501188,16.203025802969933,4.964149022474885
12916,Thierno Barry,33,1685,6,7.599746348336339,0,0.9412833843380213,32,10,3,0,F S,Everton,6,7.599746348336339,9.119870620779693,2.1255453256890178
12963,Evanilson,32,2517,6,10.828368186950684,1,2.827671505510807,65,28,2,0,F S,Bournemouth,6,10.828368186950684,14.718900330364704,3.284495811909437
468,Callum Wilson,27,1065,5,6.273417538031936,1,0.517014168202877,32,7,0,0,F M S,West Ham,5,6.273417538031936,4.92921843752265,0.4792177099734545
2203,Emiliano Buendía,31,1508,5,3.427345254458487,2,2.7003309801220894,43,25,6,0,M S,Aston Villa,5,3.427345254458487,7.5079505033791065,3.2059769481420517
6382,Pedro Neto,32,2509,5,4.9870004169642925,4,7.5994823183864355,44,49,2,1,F M S,Chelsea,5,4.9870004169642925,17.721466828137636,8.471150148659945
6681,Harvey Barnes,32,1764,5,6.878164811059833,0,2.4387461375445127,52,18,1,0,F M S,Newcastle United,5,6.878164811059833,10.04980125464499,3.1460661608725786
7148,Wilson Isidor,28,1070,5,5.129992321133614,0,0,39,0,2,0,F S,Sunderland,5,5.129992321133614,5.471216708421707,0.5651923306286335
7526,Martín Zubimendi,33,2800,5,2.827678130939603,1,0.8698590472340584,26,16,4,0,M S,Arsenal,5,2.827678130939603,12.493683338165283,10.527276022359729
7698,Leandro Trossard,28,1756,5,5.790925524197519,5,3.8750563114881516,44,32,1,0,F M S,Arsenal,5,5.790925524197519,11.922466989606619,4.639970436692238
9492,Crysencio Summerville,26,2059,5,5.32944817841053,1,2.227178337983787,47,21,4,0,F M S,West Ham,5,5.32944817841053,8.993457555770874,2.6862583477050066
9662,Dango Ouattara,27,1924,5,6.897593755275011,3,5.195658624172211,41,24,4,0,F M S,Brentford,5,6.897593755275011,10.80207902006805,1.8423936227336526
9788,Dominik Szoboszlai,31,2786,5,3.9043442234396935,4,6.224661126732826,60,61,7,1,D M,Liverpool,5,3.14317537099123,18.14903850853443,13.639649096876383
11592,Nico O&#039;Reilly,31,2376,5,5.921736367046833,3,3.6608875691890717,36,21,4,0,D M S,Manchester City,5,5.921736367046833,19.528600370511413,13.733741592615843
11965,Tijjani Reijnders,26,1500,5,4.472426678985357,2,3.0732941813766956,41,18,2,0,M S,Manchester City,5,4.472426678985357,12.348645962774754,6.628960287198424
13364,Diego Gómez,30,2100,5,5.593415547162294,1,2.0924463979899883,36,20,9,0,F M S,Brighton,5,5.593415547162294,13.458113759756088,6.886252888478339
500,Alex Iwobi,27,2312,4,1.8959347745403647,3,3.4422391690313816,31,39,3,0,M,Fulham,4,1.8959347745403647,9.326261093840003,5.978312764316797
833,Virgil van Dijk,33,2970,4,3.9807372894138098,0,0.2787668388336897,24,10,4,0,D,Liverpool,4,3.9807372894138098,10.79845864418894,9.807297040708363
5304,Mikel Merino,21,977,4,4.551519326865673,3,2.2901399955153465,21,12,1,0,F M S,Arsenal,4,4.551519326865673,7.0440468192100525,3.1536439023911953
5553,Declan Rice,32,2773,4,3.7209608871489763,5,7.83506552875042,40,61,2,0,D M S,Arsenal,4,3.7209608871489763,16.95293428748846,11.418894970789552
7218,Cristian Romero,23,1878,4,1.8381627183407545,1,1.8169466238468885,17,12,9,2,D S,Tottenham,4,1.8381627183407545,6.1135033164173365,4.283094780519605
7365,Lucas Paquetá,18,1544,4,2.440835335291922,1,3.011969303712249,23,23,5,1,F M,West Ham,2,0.9184976601973176,4.265645559877157,1.5286574847996235
7723,John McGinn,26,1967,4,2.5372506342828274,3,3.826370424591005,22,30,4,0,M S,Aston Villa,4,2.5372506342828274,9.2674206122756,5.532703970558941
8094,Mathis Cherki,28,1568,4,4.101821757853031,10,10.064643178135157,46,54,1,0,F M S,Manchester City,4,4.101821757853031,18.763673931360245,10.056709507480264
8288,Tomas Soucek,30,1780,4,4.274415124207735,0,0.7478361316025257,18,9,2,1,M S,West Ham,4,4.274415124207735,5.829328440129757,3.4993107728660107
8378,Malick Thiaw,30,2518,4,5.212593058124185,0,0.8268706873059273,27,6,4,0,D S,Newcastle United,4,5.212593058124185,7.326607632450759,6.823141100816429
8397,Florian Wirtz,29,2211,4,6.50433087721467,3,5.194513466209173,44,57,1,0,F M S,Liverpool,4,6.50433087721467,18.748756024986506,9.943028285168111
8651,Enzo Le Fée,31,2503,4,4.42085219360888,5,4.944907828234136,26,41,5,0,F M S,Sunderland,1,1.3762136232107878,9.057838885113597,6.29615306481719
9556,William Osula,19,404,4,2.409450974315405,0,0.18322942033410072,12,2,0,0,F S,Newcastle United,4,2.409450974315405,2.387479931116104,0.31483015790581703
9749,Donyell Malen,21,600,4,4.73893653601408,1,0.36938193812966347,26,7,0,0,F M S,Aston Villa,4,4.73893653601408,6.387579720467329,1.917095586657524
9910,Anton Stach,26,2156,4,2.622596701607108,3,5.744210455566645,48,56,3,0,M S,Leeds,4,2.622596701607108,9.762719819322228,6.145539548248053
10050,Micky van de Ven,30,2599,4,2.423757927492261,1,1.0142897926270962,15,5,8,1,D,Tottenham,4,2.423757927492261,5.348945887759328,5.0400085765868425
10697,Ryan Gravenberch,31,2666,4,1.3058860367164016,3,2.1509693190455437,32,25,5,0,M S,Liverpool,4,1.3058860367164016,12.525975188240409,10.461100213229656
10751,Brenden Aaronson,33,2283,4,5.61244504339993,5,5.275732930749655,42,31,2,0,F M S,Leeds,4,5.61244504339993,12.924557900056243,3.426864255219698
10948,Valentín Castellanos,13,1057,4,4.1541400365531445,0,0.7115362137556076,30,11,3,0,F,West Ham,4,4.1541400365531445,4.508675558492541,0.9668757449835539
11070,Jørgen Strand Larsen,30,2027,4,5.479176746681333,1,0.5936462795361876,35,9,4,0,F S,"Crystal Palace,Wolverhampton Wanderers",3,3.9568390399217606,5.329047163948417,1.7784941419959068
13717,Chemsdine Talbi,25,1359,4,2.1782050700858235,1,0.6003798525780439,22,12,0,0,F M S,Sunderland,4,2.1782050700858235,2.644455322995782,0.7511805146932602
13778,Igor Jesus,32,1989,4,5.484910420142114,3,2.027538128197193,59,11,0,0,F S,Nottingham Forest,4,5.484910420142114,7.622359478846192,1.5547838062047958
1653,Michael Keane,28,2136,3,3.3516049049794674,0,0.097673699259758,21,1,0,1,D S,Everton,3,3.3516049049794674,4.437477028928697,3.4390816064551473
1679,Dominic Solanke,14,950,3,3.586364097893238,0,0.5976490452885628,20,6,1,0,F S,Tottenham,3,3.586364097893238,4.704602524638176,1.6908956598490477
5613,Gabriel,27,2347,3,3.3626535534858704,4,2.645656555891037,21,6,4,0,D S,Arsenal,3,3.3626535534858704,6.912997137755156,6.328875169157982
6063,Jacob Murphy,28,1363,3,3.0877593010663986,1,4.1359254233539104,40,19,2,0,F M S,Newcastle United,3,3.0877593010663986,7.325552890077233,2.3106314912438393
6456,Callum Hudson-Odoi,30,1857,3,2.9516881722956896,4,3.9338085064664483,30,44,0,0,M S,Nottingham Forest,3,2.9516881722956896,11.127739728428423,5.728919830173254
6615,Trevoh Chalobah,31,2654,3,1.7269199723377824,0,0.6305756159126759,15,5,3,1,D S,Chelsea,3,1.7269199723377824,14.467003079131246,14.335330048575997
6722,Konstantinos Mavropanos,26,2068,3,2.6748333708383143,0,0.4103805534541607,20,3,2,0,D S,West Ham,3,2.6748333708383143,3.277018502354622,2.956015946343541
6937,Georginio Rutter,28,1728,3,2.692471490241587,3,3.9604497589170933,39,23,2,0,F M S,Brighton,3,2.692471490241587,9.90404231660068,4.138877307996154
7208,Samuel Chukwueze,19,831,3,2.2629921045154333,4,2.625670373439789,23,20,0,0,M S,Fulham,3,2.2629921045154333,6.042831864207983,1.962639327161014
7230,Emile Smith-Rowe,32,1561,3,3.899000972509384,0,1.417598308995366,30,18,1,0,M S,Fulham,3,3.899000972509384,7.765243593603373,3.640845265239477
7498,Lyle Foster,25,1357,3,3.5921845473349094,2,1.145955815911293,20,10,4,0,F M S,Burnley,3,3.5921845473349094,5.975080406293273,2.1302394028753042
7603,Marc Guehi,31,2790,3,4.50655709579587,2,2.6614920259453356,29,16,6,0,D,"Crystal Palace,Manchester City",3,4.50655709579587,15.285466293804348,13.15886666905135
7768,Mason Mount,19,832,3,1.7134401425719261,0,1.3764615170657635,18,14,1,0,M S,Manchester United,3,1.7134401425719261,4.889510989189148,2.9160353913903236
8211,Amine Adli,28,1017,3,3.5744741037487984,1,1.2779199946671724,20,17,2,0,M S,Bournemouth,3,3.5744741037487984,6.13513302244246,2.1690841764211655
8859,Mikkel Damsgaard,28,1740,3,2.3542851749807596,4,5.272851061075926,24,33,0,0,M S,Brentford,3,2.3542851749807596,10.112125635147095,5.709252571687102
8864,Matthew Cash,30,2646,3,1.19959800504148,2,2.835349707864225,29,25,8,0,D,Aston Villa,3,1.19959800504148,8.709329310804605,6.739703465253115
8875,Tolu Arokodare,28,1224,3,5.96686614304781,1,1.1596579402685165,38,11,1,0,F S,Wolverhampton Wanderers,3,5.205697305500507,3.963231910020113,1.033082596026361
9451,Chimuanya Ugochukwu,32,2167,3,2.5256063602864742,1,0.399788212031126,20,8,1,1,M S,Burnley,3,2.5256063602864742,6.94394513964653,4.73273292183876
9453,Moisés Caicedo,29,2453,3,1.445541126653552,1,2.0660120770335197,26,13,9,1,M S,Chelsea,3,1.445541126653552,15.579105406999588,13.862132303416729
9780,Mathys Tel,26,939,3,2.2117693815380335,0,1.6957492846995592,27,21,0,0,F M S,Tottenham,3,2.2117693815380335,4.727896546944976,1.7616226859390736
10715,João Palhinha,28,1817,3,1.5074889734387398,2,0.6405610861256719,24,6,6,0,D M S,Tottenham,3,1.5074889734387398,4.107238662429154,2.843120764940977
10806,Kaoru Mitoma,23,1574,3,4.108797933906317,1,3.2388533614575863,28,29,3,0,F M S,Brighton,3,4.108797933906317,9.675630584359169,3.6878377301618457
10807,Jan Paul van Hecke,32,2854,3,2.7940335692837834,3,0.9983751699328423,22,11,8,0,D,Brighton,3,2.7940335692837834,12.896477237343788,12.014950651675463
10809,Keane Lewis-Potter,31,1499,3,2.7000502459704876,2,2.564689803868532,24,17,1,0,D F M S,Brentford,3,2.7000502459704876,6.152944466099143,1.9728636462241411
11385,Yasin Ayari,27,1898,3,2.1179441660642624,3,1.4007999636232853,41,15,1,0,M S,Brighton,3,2.1179441660642624,7.775305330753326,5.351266922429204
11707,Jurriën Timber,30,2475,3,4.030840836465359,5,2.5891424333676696,25,28,5,0,D S,Arsenal,3,4.030840836465359,11.438589019700885,8.65939543582499
11944,Patrick Dorgu,22,1327,3,2.0813217908143997,3,2.645839985460043,20,24,5,0,D M S,Manchester United,3,2.0813217908143997,5.760951640084386,1.712141117081046
12149,Alex Scott,34,2645,3,3.4619898926466703,1,2.644987684674561,43,23,4,0,M S,Bournemouth,3,3.4619898926466703,13.914643455296755,9.831356011331081
12408,Daniel Muñoz,23,1966,3,2.7680934257805347,2,3.8416613414883614,21,20,6,0,D,Crystal Palace,3,2.7680934257805347,8.81751159299165,3.3541178246960044
12756,Rodrigo Gomes,17,634,3,1.7997791524976492,0,0.15131350979208946,16,3,0,0,D F M S,Wolverhampton Wanderers,3,1.7997791524976492,2.370345426723361,0.46481684409081936
12948,Mateus Fernandes,31,2594,3,1.0705702733248472,3,2.9783072229474783,22,32,6,0,M S,West Ham,3,1.0705702733248472,7.402842262759805,4.924104500561953
14395,Rayan,11,807,3,1.672890767455101,2,2.6787637528032064,18,12,1,0,M S,Bournemouth,3,1.672890767455101,4.825601914897561,2.0323743913322687
87,Joelinton,25,1778,2,1.913333428092301,1,1.7916766311973333,28,15,9,0,M S,Newcastle United,2,1.913333428092301,8.150499653071165,5.717118168249726
592,Ross Barkley,16,504,2,1.1833312138915062,0,1.3863463811576366,13,7,0,0,M S,Aston Villa,2,1.1833312138915062,4.083135284483433,3.0861062817275524
668,Idrissa Gueye,24,2033,2,1.7643213793635368,3,1.693690698593855,28,13,1,1,M,Everton,2,1.7643213793635368,9.08712889160961,6.844726667739451
675,Jack Grealish,20,1645,2,3.084938551299274,6,4.558330744504929,26,38,2,1,F M S,Everton,2,3.084938551299274,9.290637398138642,3.2924681939184666
702,Tammy Abraham,10,184,2,1.6247234689071774,0,0.1292063184082508,8,4,0,0,F S,Aston Villa,2,1.6247234689071774,1.67852130997926,0.05544457584619522
1018,Josh Cullen,18,1533,2,1.0142266415059566,2,1.8168634045869112,11,13,2,0,M,Burnley,2,1.0142266415059566,6.162752605974674,4.625554047524929
1433,Federico Chiesa,23,213,2,1.578618135303259,1,1.4720365405082703,15,3,3,0,M S,Liverpool,2,1.578618135303259,3.654869545251131,0.6860316321253777
3635,Bernardo Silva,33,2539,2,2.506690800189972,4,5.137690490111709,23,43,8,0,M S,Manchester City,2,2.506690800189972,22.604196678847075,16.977927528321743
4456,Chris Wood,10,661,2,2.3113719299435616,0,0.2262541465461254,18,4,0,0,F S,Nottingham Forest,2,2.3113719299435616,2.5278953909873962,0.3729603923857212
5232,Alexander Isak,12,612,2,2.868432244285941,1,0.8461103290319443,16,2,0,0,F S,Liverpool,2,2.868432244285941,3.87608846090734,0.9801311492919922
5543,Gabriel Jesus,12,295,2,2.7162354178726673,0,0.16974298655986786,15,2,2,0,F S,Arsenal,2,2.7162354178726673,2.4195507653057575,0.6240958645939827
5659,Nordi Mukiele,27,2343,2,2.273720652796328,3,2.566192988306284,20,20,5,0,D,Sunderland,2,2.273720652796328,7.614492550492287,5.6792381554841995
5722,Ibrahim Sangare,25,1974,2,1.5703946938738227,2,1.4491914678364992,16,12,5,0,M S,Nottingham Forest,2,1.5703946938738227,7.224736684933305,5.091845389455557
6377,Joe Rodon,31,2594,2,1.5569590590894222,0,0.3170156963169575,16,5,1,0,D S,Leeds,2,1.5569590590894222,6.0744836535304785,5.759704219177365
6482,Eddie Nketiah,12,396,2,1.942964792251587,0,0.9605132089927793,15,7,2,0,M S,Crystal Palace,2,1.942964792251587,2.89599169138819,0.14879368524998426
6837,Ryan Sessegnon,26,1748,2,1.6497777421027422,1,2.2284331284463406,15,14,0,0,D M S,Fulham,2,1.6497777421027422,7.75681534036994,4.984269134700298
6963,Justin Kluivert,18,909,2,2.203129260800779,0,2.294822184368968,16,22,4,0,M S,Bournemouth,2,2.203129260800779,5.1779105216264725,2.274018134921789
7078,Sean Longstaff,20,952,2,0.7574732601642609,2,2.601096972823143,14,23,2,0,M S,Leeds,2,0.7574732601642609,2.976723313331604,1.7294726222753525
7166,Mathias Jensen,31,1835,2,1.4460737612098455,1,4.688268596306443,24,27,3,0,M S,Brentford,2,1.4460737612098455,8.44066528044641,5.369530666619539
7352,Tyler Adams,21,1504,2,0.9112780764698982,2,0.4569586515426636,9,4,7,0,M S,Bournemouth,2,0.9112780764698982,4.9803297854959965,4.725614469498396
7438,James Garner,33,2967,2,2.012896182946861,6,5.597859499976039,42,46,9,0,D M,Everton,2,2.012896182946861,9.747104899957776,6.892208077944815
7753,James Justin,25,1535,2,2.4379206355661154,1,1.6458982974290848,20,11,4,0,D M S,Leeds,2,2.4379206355661154,3.774356883019209,2.1284991651773453
7814,Taiwo Awoniyi,12,232,2,2.6817211359739304,0,0.7374996244907379,10,3,1,0,F S,Nottingham Forest,2,2.6817211359739304,2.4607043117284775,0.05236778035759926
8044,Joshua Zirkzee,19,483,2,3.4082061797380447,1,1.168784772977233,21,10,1,0,F M S,Manchester United,2,3.4082061797380447,5.993388883769512,2.3713151291012764
8067,Reece James,27,1867,2,1.2105660028755665,4,3.9933422207832336,21,27,4,0,D M S,Chelsea,2,1.2105660028755665,11.44637494161725,9.686947334557772
8127,Amad Diallo Traore,27,1997,2,4.9004956018179655,2,4.089084632694721,46,37,2,0,D M S,Manchester United,2,4.9004956018179655,14.852390205487609,7.639680963009596
8204,Neco Williams,32,2802,2,1.7352980319410563,3,4.290961124934256,41,33,5,1,D,Nottingham Forest,2,1.7352980319410563,9.582895079627633,6.507911549881101
8379,Alexis Mac Allister,32,2233,2,3.532863630913198,2,1.9394205464050174,45,26,5,0,M S,Liverpool,2,3.532863630913198,11.091041134670377,7.203020401299
8700,Xavi Simons,27,1700,2,2.5015926361083984,5,4.617907968349755,40,32,5,1,F M S,Tottenham,2,2.5015926361083984,9.290748616680503,5.203196081332862
8845,Hee-Chan Hwang,22,1205,2,2.467228189110756,1,1.046207521110773,16,10,3,0,F M S,Wolverhampton Wanderers,1,1.7060593515634537,3.6204781737178564,1.1083498634397984
8941,Jacob Ramsey,23,1123,2,1.1178879514336586,1,0.8470373563468456,14,17,3,1,M S,Newcastle United,2,1.1178879514336586,4.24195864610374,3.4519744403660297
8961,Rúben Dias,25,2052,2,0.43706189282238483,0,0.40935616102069616,10,6,3,0,D S,Manchester City,2,0.43706189282238483,14.39133687876165,13.95382341183722
8981,Jéremy Doku,25,1483,2,3.4086391190066934,5,6.110459988936782,28,46,0,0,F M S,Manchester City,2,3.4086391190066934,15.78597272746265,8.127934210933745
9017,Malo Gusto,31,2038,2,1.8716575969010592,3,3.178951995447278,11,22,2,1,D M S,Chelsea,2,1.8716575969010592,14.550823286175728,11.851405184715986
9021,Pape Sarr,23,1314,2,1.9254915285855532,3,1.4533061496913433,16,8,2,0,M S,Tottenham,2,1.9254915285855532,5.930503115057945,4.705666016787291
9024,Yeremi Pino,29,1906,2,4.110690772533417,1,7.220180093310773,40,42,4,0,F M S,Crystal Palace,2,4.110690772533417,11.922475225292146,4.075986506417394
9154,Elliot Anderson,33,2960,2,2.5579940108582377,2,3.5064722010865808,38,49,6,0,M,Nottingham Forest,1,1.7968251733109355,13.395216185599566,10.096402453258634
9667,Amadou Onana,24,1779,2,2.772524105384946,0,0.5039298757910728,19,7,3,0,M S,Aston Villa,2,2.772524105384946,6.815283706411719,5.313166355714202
9767,Habib Diarra,16,1296,2,2.948596937581897,1,0.28866475261747837,21,5,4,0,M S,Sunderland,1,2.1874281000345945,3.6180056277662516,1.527346232905984
9790,Josko Gvardiol,16,1307,2,1.818312879651785,2,0.43760474771261215,16,4,2,0,D S,Manchester City,2,1.818312879651785,10.002344310283661,9.454283580183983
10184,Archie Gray,23,1494,2,1.588539564050734,2,1.6584226582199335,11,8,5,0,D M S,Tottenham,2,1.588539564050734,3.5702104242518544,2.168477569706738
10744,Ryan Christie,24,885,2,1.7907362105324864,0,1.6022717244923115,25,10,3,0,M S,Bournemouth,2,1.7907362105324864,7.6300600823014975,4.470523742958903
10760,Brennan Johnson,29,1360,2,2.396128825843334,1,1.0339295640587807,19,15,6,0,D F M S,"Crystal Palace,Tottenham",2,2.396128825843334,4.301196241751313,1.2791906651109457
10945,Santiago Bueno,24,2099,2,0.9786464609205723,1,0.30292672477662563,6,7,4,0,D S,Wolverhampton Wanderers,2,0.9786464609205723,3.8156661577522755,3.4682380901649594
11269,Jack Hinshelwood,23,1434,2,3.1825016029179096,3,2.0764727191999555,28,13,0,0,D M S,Brighton,2,3.1825016029179096,9.049525685608387,4.496295142918825
11709,Milos Kerkez,29,2059,2,1.326234550215304,1,1.747715525329113,8,24,4,0,D S,Liverpool,2,1.326234550215304,8.714035665616393,6.199379213154316
12027,Mohammed Kudus,19,1577,2,2.362326920963824,5,2.574139247648418,26,21,3,0,F M,Tottenham,2,2.362326920963824,4.9626108556985855,1.4065115749835968
12721,Ladislav Krejcí,26,2219,2,1.662639937363565,1,0.8563485778868198,19,8,3,1,D M S,Wolverhampton Wanderers,2,1.662639937363565,4.148910779505968,2.5917173959314823
12758,Mats Wieffer,24,1815,2,1.9274322018027306,3,2.8690227568149567,18,19,8,0,D S,Brighton,2,1.9274322018027306,9.979670282453299,7.9634054796770215
12759,Yankuba Minteh,30,2099,2,3.8192748967558146,4,5.3248196840286255,38,39,3,0,M S,Brighton,2,3.8192748967558146,13.961946142837405,7.333913596346974
12905,Nicolò Savona,14,1036,2,1.2354809269309044,0,0.5944582391530275,5,6,2,0,D S,Nottingham Forest,2,1.2354809269309044,3.0064694937318563,1.5372497662901878
13484,Mateus Mané,22,1356,2,1.4034860357642174,1,1.2224167585372925,30,15,0,0,M S,Wolverhampton Wanderers,2,1.4034860357642174,2.8936597774736583,1.3139344486407936
13692,Rio Ngumoha,15,270,2,1.0011370293796062,0,1.935567233711481,10,11,0,0,M S,Liverpool,2,1.0011370293796062,3.9542927630245686,1.046271656639874
13711,Maxim De Cuyper,26,1179,2,1.5899631939828396,1,2.941477332264185,11,20,2,0,D M S,Brighton,2,1.5899631939828396,4.9499928541481495,2.812046557664871
13715,Dan Ballard,27,2030,2,3.643686879426241,0,1.5805855486541986,24,14,4,0,D S,Sunderland,2,3.643686879426241,4.654326198622584,2.510682038962841
13718,Eliezer Mayenda,19,739,2,2.0108928252011538,0,0.7425303682684898,13,4,0,0,F M S,Sunderland,2,2.0108928252011538,2.4835963249206543,0.48824033699929714
13775,Estêvão,22,854,2,3.8740363344550133,2,2.8163073528558016,28,16,4,0,F M S,Chelsea,2,3.8740363344550133,9.267625011503696,3.582291418686509
13834,Ao Tanaka,24,1026,2,2.066136412322521,0,1.3139536827802658,14,17,1,0,M S,Leeds,2,2.066136412322521,6.590694982558489,4.2300532925873995
14118,Charalampos Kostoulas,17,267,2,1.9818506874144077,1,1.023241564631462,16,7,2,0,F S,Brighton,2,1.9818506874144077,2.9380150139331818,0.343852112069726
204,Granit Xhaka,29,2446,1,0.7051914995536208,5,3.0874127857387066,17,28,5,0,M S,Sunderland,1,0.7051914995536208,7.956240405328572,6.605531884357333
239,Pascal Groß,15,1275,1,0.8296496085822582,3,2.8655655328184366,12,33,2,0,M S,Brighton,1,0.8296496085822582,7.894569110125303,6.615942995995283
489,James Milner,19,711,1,0.9794258084148169,1,0.6549300253391266,8,8,2,0,M S,Brighton,0,0.2182569708675146,3.918824218213558,3.7330453395843506
605,Jordan Henderson,29,1840,1,0.5513727776706219,3,3.294498812407255,6,18,4,0,M S,Brentford,1,0.5513727776706219,7.589787185192108,4.931587040424347
660,Ben Davies,3,137,1,0.7982581853866577,0,0.024737762287259102,2,1,1,0,D S,Tottenham,1,0.7982581853866577,0.024737762287259102,0.024737762287259102
695,Bertrand Traoré,12,675,1,0.6248076185584068,0,0.9887753147631884,12,8,1,0,F M S,Sunderland,1,0.6248076185584068,2.016919732093811,1.2301255529746413
885,Kyle Walker-Peters,20,1117,1,1.1882447563111782,0,0.3569928742945194,5,6,2,0,D S,West Ham,1,1.1882447563111782,3.730667069554329,2.423273153603077
910,Harrison Reed,6,12,1,0.08659443259239197,0,0.038333628326654434,2,1,0,0,S,Fulham,1,0.08659443259239197,0.31046047806739807,0.18553242087364197
934,Axel Tuanzebe,11,939,1,0.5582677125930786,0,0,2,0,1,0,D,Burnley,1,0.5582677125930786,2.4150575436651707,1.856789831072092
1537,Sasa Lukic,22,1371,1,2.0157834328711033,2,1.846014615148306,14,24,7,0,M S,Fulham,1,2.0157834328711033,5.482166631147265,2.890126733109355
1665,James Tarkowski,32,2880,1,2.482551906257868,1,1.3793210610747337,16,14,5,0,D,Everton,1,2.482551906257868,5.312925855629146,4.703979062847793
1687,Harry Maguire,18,1216,1,0.9909983389079571,1,0.2362615466117859,10,2,3,1,D S,Manchester United,1,0.9909983389079571,3.7443377673625946,3.7443377673625946
2496,Rodri,20,1410,1,0.9705794611945748,0,2.2365365587174892,13,24,2,0,M S,Manchester City,1,0.9705794611945748,11.745607800781727,10.52165450155735
2517,Martin Odegaard,21,1147,1,1.0983065199106932,5,4.685800971463323,20,33,0,0,M S,Arsenal,1,1.0983065199106932,10.704939391463995,6.762968780472875
4419,Adam Armstrong,9,740,1,1.0920804347842932,2,1.048253482207656,10,5,3,0,F M,Wolverhampton Wanderers,1,1.0920804347842932,1.4179571866989136,0.6685667373239994
5220,Kai Havertz,8,413,1,3.5958170890808105,1,0.20362167060375214,12,4,0,0,F M S,Arsenal,1,3.5958170890808105,2.3337539546191692,0.44011062011122704
5743,Randal Kolo Muani,25,1414,1,2.2967956364154816,1,1.3800432309508324,16,18,2,0,F M S,Tottenham,1,2.2967956364154816,3.2858458627015352,0.6848605386912823
5786,Yoane Wissa,14,415,1,2.4206629674881697,0,0.13480328023433685,11,2,1,0,F S,Newcastle United,1,2.4206629674881697,3.44701724126935,1.2510587573051453
5789,Boubacar Kamara,18,1434,1,1.0521572744473815,3,0.7290232917293906,7,15,5,0,M S,Aston Villa,1,1.0521572744473815,5.69795267097652,4.270241666585207
5973,Kenny Tete,22,1805,1,0.728774206712842,0,0.9490535911172628,16,11,2,0,D S,Fulham,1,0.728774206712842,3.9443747084587812,3.1575920060276985
6108,Rodrigo Bentancur,21,1512,1,0.7451606001704931,1,0.7604504339396954,10,9,5,0,M S,Tottenham,1,0.7451606001704931,3.8073133789002895,3.4310777485370636
6122,Douglas Luiz,17,837,1,0.6563441567122936,0,1.3992003975436091,10,18,2,0,M S,"Aston Villa,Nottingham Forest",1,0.6563441567122936,3.462784230709076,2.248983759433031
6219,Enes Ünal,18,134,1,2.137615170329809,0,0,12,0,1,0,S,Bournemouth,1,2.137615170329809,2.2813015058636665,0.39032360538840294
6326,Ibrahima Konaté,31,2695,1,1.843844497576356,0,0.6984626250341535,10,7,6,0,D,Liverpool,1,1.843844497576356,9.518744759261608,9.200320862233639
6369,Ethan Ampadu,31,2770,1,1.835672302171588,1,1.1018957300111651,24,17,8,0,M,Leeds,1,1.835672302171588,10.988139529712498,9.917027469724417
6807,Jaka Bijol,21,1553,1,0.718483354896307,1,1.0330466628074646,15,5,3,0,D S,Leeds,1,0.718483354896307,5.333464497700334,4.364994695410132
6820,David Brooks,28,1167,1,5.875123854726553,2,3.658978570252657,45,23,7,0,M S,Bournemouth,1,5.875123854726553,10.992510799318552,2.6229202784597874
6835,Tom Cairney,21,616,1,0.6234453469514847,0,0.44378506392240524,12,7,3,0,M S,Fulham,1,0.6234453469514847,3.1937892958521843,2.503936607390642
6888,William Saliba,27,2249,1,1.5777585953474045,0,0.8790187947452068,5,8,1,0,D S,Arsenal,1,1.5777585953474045,10.069429324939847,9.554044276475906
6912,Pedro Porro,29,2365,1,1.2386569762602448,2,3.4193367063999176,25,41,7,0,D M S,Tottenham,1,1.2386569762602448,8.915376614779234,7.516485571861267
7134,Marc Cucurella,30,2354,1,1.8134304340928793,3,3.909685153514147,18,35,6,1,D M S,Chelsea,1,1.8134304340928793,13.928323686122894,11.441652469336987
7281,Diogo Dalot,31,2344,1,1.9999770913273096,3,3.3998383646830916,22,28,5,0,D S,Manchester United,1,1.9999770913273096,11.481667000800371,8.380131950601935
7752,Gabriel Martinelli,27,900,1,4.699553571641445,3,1.8942275699228048,26,10,2,0,F M S,Arsenal,1,4.699553571641445,8.313393034040928,2.9529543090611696
7762,Jean-Ricner Bellegarde,24,1239,1,0.8698065197095275,1,0.9383529499173164,21,11,5,0,F M S,Wolverhampton Wanderers,1,0.8698065197095275,4.545631201006472,3.1245458805933595
7902,Matthijs de Ligt,13,1170,1,1.3233719654381275,0,0.4281761646270752,11,3,0,0,D,Manchester United,1,1.3233719654381275,2.8319015204906464,2.3887862116098404
7908,Marshall Munetsi,13,863,1,1.8389983009546995,1,0.38085445016622543,14,3,2,0,F M S,Wolverhampton Wanderers,1,1.8389983009546995,3.0971702244132757,1.0005560396239161
8006,Evann Guessand,19,894,1,1.8542680740356445,2,1.2377337515354156,11,5,0,0,M S,"Aston Villa,Crystal Palace",1,1.8542680740356445,3.721524979919195,1.244725327938795
8129,Riccardo Calafiori,22,1493,1,2.6441258005797863,2,0.44628622755408287,28,5,5,0,D S,Arsenal,1,2.6441258005797863,7.083466991782188,5.854706117883325
8214,Tyrick Mitchell,32,2857,1,1.443795770406723,2,2.582546606659889,14,25,5,0,D,Crystal Palace,1,1.443795770406723,9.882087314501405,7.256484642624855
8252,Nicolás Domínguez,22,969,1,0.7576484093442559,1,1.2484726402908564,16,10,1,0,M S,Nottingham Forest,1,0.7576484093442559,3.9047620110213757,2.769541524350643
8384,Armando Broja,23,809,1,2.5165178887546062,1,0.5188675355166197,16,4,0,0,F S,Burnley,1,2.5165178887546062,2.59495497494936,1.0258077569305897
8393,Omar Marmoush,17,573,1,2.8558646515011787,3,1.474619597196579,24,11,2,0,F M S,Manchester City,1,2.8558646515011787,4.418599750846624,0.45748411677777767
8430,Chris Richards,28,2514,1,0.9624587800353765,0,0.4875335106626153,10,9,3,0,D,Crystal Palace,1,0.9624587800353765,6.062465406022966,5.755783655680716
8476,Jarrad Branthwaite,10,682,1,0.3099620118737221,0,0.37322589941322803,6,3,1,0,D S,Everton,1,0.3099620118737221,1.287902306765318,1.127036638557911
8635,Sven Botman,20,1392,1,1.3475349750369787,0,0.7977794110774994,12,5,2,0,D S,Newcastle United,1,1.3475349750369787,3.731095837429166,3.4325741678476334
8640,Adrien Truffert,34,3031,1,1.3925325982272625,3,3.5250327717512846,14,25,4,0,D,Bournemouth,1,1.3925325982272625,12.620742471888661,8.649078123271465
8662,Dan Ndoye,24,1184,1,1.1724078450351954,1,1.552884567528963,15,14,1,0,F M S,Nottingham Forest,1,1.1724078450351954,4.023802410811186,1.8127466365695
8780,Joël Veltman,21,860,1,0.9520808160305023,0,0.252019003033638,3,4,4,0,D S,Brighton,1,0.9520808160305023,2.436355007812381,2.2945651542395353
8853,Maxence Lacroix,30,2669,1,2.7277242727577686,2,1.226331939920783,21,6,3,1,D,Crystal Palace,1,2.7277242727577686,9.776285018771887,9.013202532194555
8868,Liam Delap,25,935,1,4.8386244866997,0,0.16925495117902756,33,3,2,0,F S,Chelsea,1,4.8386244866997,7.208611449226737,3.2848102413117886
8986,Omar Alderete,29,2516,1,1.3196902442723513,1,0.6074565481394529,19,9,6,0,D S,Sunderland,1,1.3196902442723513,4.414151020348072,3.6798811703920364
9205,Jayden Bogle,32,2652,1,1.868973477743566,1,2.9073549285531044,17,18,6,0,D M S,Leeds,1,1.868973477743566,10.341970378533006,6.328800912946463
9501,Fabio Carvalho,6,97,1,0.6895682029426098,0,0,2,0,0,0,M S,Brentford,1,0.6895682029426098,0.6895682029426098,0
9558,Hannibal Mejbri,23,996,1,0.4494898612610996,3,1.9867054745554924,14,14,7,0,M S,Burnley,1,0.4494898612610996,4.205114980228245,2.764857292175293
9680,Vitaly Janelt,22,1237,1,0.7498585553839803,4,3.589389992877841,12,19,7,0,M S,Brentford,1,0.7498585553839803,5.500424522906542,2.943715939298272
9733,Nathan Collins,30,2516,1,2.825895868241787,2,1.807285774499178,19,7,5,0,D S,Brentford,1,2.825895868241787,8.111942160874605,7.240157205611467
9802,Nico González,23,1409,1,0.5323873395100236,0,0.8490215018391609,13,9,6,0,M S,Manchester City,1,0.5323873395100236,14.15335364639759,13.57055657915771
9911,Piero Hincapié,22,1590,1,0.39727197121828794,2,2.0693008974194527,2,12,2,0,D S,Arsenal,1,0.39727197121828794,7.1808599308133125,5.599865674972534
9977,Loum Tchaouna,25,919,1,1.0117796370759606,0,0.7054035440087318,17,7,1,0,F M S,Burnley,1,1.0117796370759606,3.2605726420879364,1.7624588441103697
10140,Hugo Bueno,30,2125,1,0.6999753303825855,1,3.2439805567264557,12,34,2,0,D M S,Wolverhampton Wanderers,1,0.6999753303825855,4.9808161444962025,2.648053590208292
10216,Lewis Hall,26,1876,1,1.1225533820688725,1,2.1387872248888016,22,21,3,0,D S,Newcastle United,1,1.1225533820688725,7.718949613161385,6.845044997520745
10348,Omari Hutchinson,26,1416,1,2.0330496449023485,4,3.593663528561592,23,26,1,0,M S,Nottingham Forest,1,2.0330496449023485,8.745411997660995,4.633812891319394
10552,Alejandro Garnacho,23,1284,1,4.111795756965876,4,4.21896393597126,33,29,2,0,F M S,Chelsea,1,4.111795756965876,12.953486386686563,6.525954343378544
10717,Rodrigo Muniz,16,727,1,3.309048969298601,1,0.9614864559844136,24,8,1,0,F S,Fulham,1,3.309048969298601,3.5542394518852234,1.1299512535333633
10770,Soungoutou Magassa,21,975,1,0.6193040320649743,0,0.7463846588507295,7,5,4,0,M S,West Ham,1,0.6193040320649743,2.4097342267632484,1.522645689547062
11000,Matheus Nunes,30,2537,1,0.6754733501002192,5,3.0008928533643484,7,25,4,0,D S,Manchester City,1,0.6754733501002192,20.507217720150948,18.719836056232452
11281,Michael Kayode,32,2831,1,0.7575129177421331,1,2.966318540275097,8,31,6,0,D,Brentford,1,0.7575129177421331,10.610152836889029,7.762610318139195
11310,Brajan Gruda,18,716,1,1.772459496743977,1,1.2154594017192721,16,16,2,0,M S,Brighton,1,1.772459496743977,5.479941666126251,2.844237370416522
11357,Noni Madueke,22,1028,1,1.7552637532353401,1,2.5768766067922115,19,17,0,0,F M S,Arsenal,1,1.7552637532353401,5.190278019756079,2.911966398358345
11384,João Gomes,31,2485,1,1.1661916868761182,1,1.3335457537323236,16,14,9,0,M S,Wolverhampton Wanderers,1,1.1661916868761182,5.397427696734667,4.291322864592075
11386,Lewis Miley,21,1290,1,1.3760087750852108,4,2.321293480694294,12,15,0,0,D M S,Newcastle United,1,1.3760087750852108,6.005607446655631,4.878056615591049
11710,Simon Adingra,14,665,1,0.33560439944267273,0,0.7323711905628443,6,7,2,0,F M S,Sunderland,1,0.33560439944267273,1.9754448235034943,1.0532179661095142
11728,Calvin Bassey,25,2073,1,1.1909357141703367,0,0.24030601978302002,11,6,5,0,D S,Fulham,1,1.1909357141703367,5.270097848027945,5.122034214437008
11772,Yehor Yarmolyuk,33,2328,1,1.3501612106338143,2,1.2372905435040593,15,13,7,0,M S,Brentford,1,1.3501612106338143,8.468655618838966,7.099933739751577
11936,Lorenzo Lucca,3,117,1,1.1281560063362122,0,0.036645036190748215,3,1,0,0,F S,Nottingham Forest,1,1.1281560063362122,1.1884786486625671,0.06032259576022625
12123,Murillo,25,2132,1,0.5957098556682467,0,0.29939603339880705,11,8,5,0,D,Nottingham Forest,1,0.5957098556682467,6.358569452539086,6.049851920455694
12168,Alejandro Jiménez,30,2264,1,1.1376534849405289,0,1.6323482673615217,20,14,10,0,D M S,Bournemouth,1,1.1376534849405289,7.10198126360774,4.792550377547741
12410,Joshua King,27,1232,1,3.657898224890232,2,0.8125329213216901,24,12,3,0,F M S,Fulham,1,3.657898224890232,5.679546419531107,2.2592574767768383
12535,Josh Acheampong,15,580,1,0.6539264097809792,0,0.137966588139534,3,2,1,0,D S,Chelsea,1,0.6539264097809792,2.1048905588686466,2.0332134179770947
12912,Lucas Bergvall,20,927,1,1.3768548872321844,3,0.29162913747131824,11,5,2,0,M S,Tottenham,1,1.3768548872321844,3.1434005573391914,1.6192326061427593
13022,André,30,2313,1,0.4454949302598834,0,1.1063676048070192,12,14,9,0,M S,Wolverhampton Wanderers,1,0.4454949302598834,4.963354531675577,4.317425101995468
13038,Justin Devenny,19,582,1,2.2452754601836205,0,0.33247873187065125,13,7,0,0,D F M S,Crystal Palace,0,1.4841066226363182,2.768477648496628,1.2208212092518806
13066,Ferdi Kadioglu,33,2785,1,1.9552533607929945,0,1.152786634862423,26,17,6,0,D M S,Brighton,1,1.9552533607929945,12.344149455428123,10.080304324626923
13206,Matt O&#039;Riley,6,195,1,1.139720857143402,0,0.14959949534386396,4,4,0,0,M S,Brighton,0,0.37855201959609985,0.5305772870779037,0.11395914107561111
13220,Tom Edozie,2,5,1,0.13796093314886093,0,0,2,0,0,0,S,Wolverhampton Wanderers,1,0.13796093314886093,0.13796093314886093,0
13713,Trai Hume,33,2618,1,2.438252655789256,1,1.5303202010691166,29,18,9,0,D M S,Sunderland,1,2.438252655789256,6.464350578375161,3.149978695437312
13719,Chris Rigg,15,720,1,0.7160908170044422,0,0.6969378180801868,11,8,1,0,M S,Sunderland,1,0.7160908170044422,1.5776788368821144,0.41818124428391457
13726,Oliver Sonne,7,149,1,0.3753026779741049,0,0.02691812254488468,3,1,0,0,D S,Burnley,1,0.3753026779741049,0.5079874768853188,0.1973782777786255
13728,Josh Laurent,30,1640,1,1.0309471627697349,0,0.7355106780305505,14,12,7,1,D M S,Burnley,1,1.0309471627697349,3.0416230903938413,1.5719637908041477
13730,Marcus Edwards,22,1049,1,2.2541669588536024,3,2.2145643904805183,22,18,0,0,F M S,Burnley,1,2.2541669588536024,5.67850873991847,2.743595637381077
13741,Jhon Arias,23,1140,1,3.2931467425078154,0,0.8962265644222498,16,11,1,0,F M S,Wolverhampton Wanderers,1,3.2931467425078154,4.877626428380609,1.3450943380594254
13872,Max Dowman,4,69,1,0.5427121035754681,0,0.1679699569940567,5,3,0,0,S,Arsenal,1,0.5427121035754681,0.6529579348862171,0.10965725407004356
14028,Stefanos Tzimas,9,111,1,0.6250067912042141,1,0.3843204230070114,4,6,0,0,F S,Brighton,1,0.6250067912042141,0.8074261322617531,0.009937935508787632
14030,Kevin,23,876,1,1.2298060497269034,1,1.2053345758467913,22,13,1,0,M S,Fulham,1,1.2298060497269034,4.520282581448555,2.6608860678970814
76,Fabian Schär,16,1096,0,0.9631823003292084,0,0.16267805825918913,17,4,1,0,D S,Newcastle United,0,0.9631823003292084,3.1928995680063963,3.059698922559619
181,Bernd Leno,33,2970,0,0,0,0,0,0,3,0,GK,Fulham,0,0,4.027426850050688,4.027426850050688
579,Nathan Aké,15,479,0,0.1967456415295601,0,0.6908719837665558,4,5,1,0,D S,Manchester City,0,0.1967456415295601,2.8652374893426895,2.3756012991070747
585,Seamus Coleman,3,11,0,0,0,0,0,0,0,0,D S,Everton,0,0,0,0
586,John Stones,7,356,0,0,0,0.06276297569274902,0,1,0,0,D S,Manchester City,0,0,2.0764190293848515,2.0136560536921024
603,Nathaniel Clyne,8,515,0,0.2701648138463497,1,0.6744996476918459,3,3,1,0,D S,Crystal Palace,0,0.2701648138463497,1.1092736274003983,0.8391088638454676
638,Kyle Walker,32,2741,0,0.0805505272001028,2,1.590470151975751,3,11,9,0,D M S,Burnley,0,0.0805505272001028,7.926188216544688,7.831978370435536
652,Kieran Trippier,19,1517,0,0.09589945524930954,1,1.778491968754679,2,27,3,0,D S,Newcastle United,0,0.09589945524930954,4.623883912339807,4.20559143088758
725,Ola Aina,17,1505,0,0.36359804682433605,0,0.34134200774133205,11,9,3,0,D,Nottingham Forest,0,0.36359804682433605,3.9301589131355286,3.506800038740039
741,Jordan Pickford,33,2970,0,0,0,0.08211705088615417,0,1,4,0,GK,Everton,0,0,2.5715485978871584,2.4894315768033266
766,Jamaal Lascelles,2,8,0,0.0783025473356247,0,0,1,0,0,0,S,Newcastle United,0,0.0783025473356247,0,0
780,Karl Darlow,18,1620,0,0,0,0,0,0,1,0,GK,Leeds,0,0,1.4363545924425125,1.4363545924425125
825,Adam Smith,19,809,0,0,1,0.48412515968084335,0,5,3,0,D S,Bournemouth,0,0,3.423723451793194,2.949551371857524
843,James Ward-Prowse,14,1000,0,0.1652739103883505,1,3.085048157721758,4,22,1,0,M S,"Burnley,West Ham",0,0.1652739103883505,3.0131932366639376,2.876941805705428
852,Freddie Woodman,1,30,0,0,0,0,0,0,0,0,S,Liverpool,0,0,0.06603340059518814,0.06603340059518814
900,Adama Traoré,23,313,0,0.6883524060249329,0,0.41468898579478264,7,3,1,0,M S,"Fulham,West Ham",0,0.6883524060249329,1.7607163526117802,0.6947266608476639
902,Sam Byram,1,4,0,0,0,0,0,0,0,0,S,Leeds,0,0,0,0
925,Patrick Roberts,1,23,0,0.06801629066467285,0,0,1,0,0,0,S,Sunderland,0,0.06801629066467285,0.10939916223287582,0.04138287156820297
978,Sam Johnstone,12,1080,0,0,0,0,0,0,0,0,GK,Wolverhampton Wanderers,0,0,0.31883866991847754,0.31883866991847754
987,Joseph Gomez,17,494,0,0.14390717819333076,2,1.2491662725806236,2,5,2,0,D S,Liverpool,0,0.14390717819333076,3.9057153090834618,2.719895675778389
1006,Luke Shaw,33,2839,0,0.40805117040872574,1,1.4936611289158463,6,15,6,0,D,Manchester United,0,0.40805117040872574,9.848064153455198,9.169839984737337
1024,Tyrone Mings,14,1044,0,1.0145511515438557,0,0.7093149498105049,8,5,0,0,D S,Aston Villa,0,1.0145511515438557,3.4865288101136684,3.1746199429035187
1116,Gianluigi Donnarumma,30,2700,0,0,0,0,0,0,6,0,GK,Manchester City,0,0,6.554271470755339,6.554271470755339
1257,Alisson,25,2250,0,0,0,0,0,0,1,0,GK,Liverpool,0,0,3.9370069336146116,3.9370069336146116
1545,Emil Krafth,1,51,0,0,0,0,0,0,0,0,D,Newcastle United,0,0,0.02087610773742199,0.02087610773742199
1688,Andrew Robertson,21,921,0,0.581644169986248,0,1.2839961163699627,8,17,0,0,D S,Liverpool,0,0.581644169986248,5.126737628132105,4.213652725331485
1760,Arthur Masuaku,3,132,0,0.07842346280813217,0,0.05806344375014305,1,1,1,0,D S,Sunderland,0,0.07842346280813217,0.15544621646404266,0.09738276898860931
1789,Lewis Cook,15,839,0,0.05964579712599516,1,0.3469301499426365,3,11,1,1,D M S,Bournemouth,0,0.05964579712599516,2.538989583030343,2.386723592877388
1823,Lucas Digne,28,1664,0,0.6427386775612831,5,2.7779408507049084,12,24,3,0,D S,Aston Villa,0,0.6427386775612831,5.180281763896346,3.8089878652244806
2182,Jefferson Lerma,26,1402,0,2.1869666669517756,2,1.6454478614032269,18,11,6,0,D M S,Crystal Palace,0,2.1869666669517756,6.673581891693175,5.175940938293934
2254,Mateo Kovacic,2,10,0,0,0,0,0,0,0,0,S,Manchester City,0,0,0.5203372240066528,0.5203372240066528
2310,Alphonse Areola,20,1800,0,0,1,0.02214457094669342,0,1,0,0,GK,West Ham,0,0,0.4307949170470238,0.4307949170470238
2958,Oleksandr Zinchenko,5,347,0,0.07670699805021286,0,0.45078352838754654,4,5,0,0,D S,Nottingham Forest,0,0.07670699805021286,1.777435079216957,1.6373481005430222
3203,Issa Diop,10,593,0,0.04643355309963226,0,0,1,0,2,0,D S,Fulham,0,0.04643355309963226,0.9406789802014828,0.9406789802014828
3645,Olivier Boscagli,11,711,0,0.02071521058678627,1,0.06493622064590454,1,2,2,0,D S,Brighton,0,0.02071521058678627,3.166533127427101,3.12909372150898
3697,Odsonne Edouard,1,1,0,0,0,0,0,0,0,0,S,Crystal Palace,0,0,0,0
4401,Emiliano Martinez,28,2477,0,0,0,0.06287028640508652,0,1,2,0,GK,Aston Villa,0,0,3.7421373166143894,3.679267030209303
4422,Ashley Barnes,6,24,0,0.11538831889629364,0,0,1,0,0,0,S,Burnley,0,0.11538831889629364,0.11538831889629364,0
5221,Leon Bailey,9,326,0,0.32194944843649864,1,0.543377123773098,6,9,1,0,M S,Aston Villa,0,0.32194944843649864,1.0375553332269192,0.43931812793016434
5261,Kevin Danso,19,1039,0,0.26793046295642853,0,0,4,0,5,0,D S,Tottenham,0,0.26793046295642853,1.2858058577403426,1.2858058577403426
5355,Jacob Bruun Larsen,25,995,0,1.3876315392553806,1,1.2826955989003181,16,11,0,0,F M S,Burnley,0,1.3876315392553806,4.362961193546653,2.226931793615222
5544,Angus Gunn,1,38,0,0,0,0,0,0,0,0,S,Nottingham Forest,0,0,0.01310538500547409,0.01310538500547409
5552,Nick Pope,22,1972,0,0.13148732483386993,0,0,1,0,1,0,GK,Newcastle United,0,0.13148732483386993,1.0526566049084067,1.0526566049084067
5584,Aaron Wan-Bissaka,22,1915,0,0,2,1.067410096526146,0,17,4,0,D M S,West Ham,0,0,2.873407281935215,2.131659906357527
5590,Tosin Adarabioyo,15,731,0,0.07241746783256531,0,0.4159756898880005,2,1,2,0,D S,Chelsea,0,0.07241746783256531,3.1354086361825466,3.1354086361825466
5595,Daniel James,15,392,0,0.6141860373318195,0,0.448430385440588,10,8,0,0,F S,Leeds,0,0.6141860373318195,1.3244048692286015,0.29825062304735184
5598,Angel Gomes,9,390,0,0.17194207571446896,0,0.155938308686018,5,4,1,0,M S,Wolverhampton Wanderers,0,0.17194207571446896,0.9756934009492397,0.8244026489555836
5603,Aaron Ramsdale,12,998,0,0,0,0.07100074738264084,0,1,2,0,GK S,Newcastle United,0,0,2.482472578063607,2.411471823230386
5609,Yves Bissouma,9,530,0,0.21238179970532656,0,0,5,0,4,0,M S,Tottenham,0,0.21238179970532656,1.075252041220665,0.9329388849437237
5652,Walter Benítez,1,90,0,0,0,0,0,0,0,0,GK,Crystal Palace,0,0,0,0
5956,Youri Tielemans,20,1502,0,1.6259937388822436,4,2.771389757283032,18,29,0,0,M S,Aston Villa,0,1.6259937388822436,8.437595622614026,6.205577757209539
6048,Lewis Dunk,29,2560,0,0.9062938950955868,0,0.5267416425049305,19,6,10,0,D S,Brighton,0,0.9062938950955868,11.455692820250988,11.368314296007156
6049,Solly March,1,2,0,0,0,0,0,0,0,0,S,Brighton,0,0,0,0
6080,Victor Lindelöf,13,646,0,0.15612759068608284,1,0.5980998799204826,3,2,0,0,D S,Aston Villa,0,0.15612759068608284,2.321186166256666,2.3044705279171467
6098,Niclas Füllkrug,8,416,0,0.9830001182854176,0,0.4490955099463463,9,7,0,0,F S,West Ham,0,0.9830001182854176,0.9092727340757847,0.1229296624660492
6104,Will Hughes,29,1417,0,1.2812513932585716,0,1.772324912250042,17,19,7,0,M S,Crystal Palace,0,1.2812513932585716,6.367847118526697,4.755730241537094
6145,Daichi Kamada,22,1540,0,1.2673697154968977,0,1.6458465624600649,16,16,2,0,M S,Crystal Palace,0,1.2673697154968977,7.4570065485313535,5.687541321851313
6157,Timothy Castagne,25,1399,0,0.8870716160163283,0,0.9076218931004405,10,13,3,0,D M S,Fulham,0,0.8870716160163283,4.985593351535499,3.977392502129078
6174,Nikola Milenkovic,33,2970,0,0.478016285225749,0,0.12305343151092529,14,1,6,0,D,Nottingham Forest,0,0.478016285225749,6.492497731000185,6.452609211206436
6221,Pau Torres,18,1485,0,0.67172946408391,0,0.006894074846059084,7,1,0,0,D S,Aston Villa,0,0.67172946408391,3.761370714753866,3.687145795673132
6314,Joachim Andersen,30,2651,0,1.5637034652754664,1,0.5110774431377649,15,5,7,0,D,Fulham,0,1.5637034652754664,8.79956854507327,8.537461031228304
6345,Jadon Sancho,20,758,0,0.7688718903809786,2,2.0520169995725155,10,21,0,0,M S,Aston Villa,0,0.7688718903809786,4.6960027404129505,2.7462305538356304
6492,Reiss Nelson,8,88,0,0.9007361251860857,0,0.032858092337846756,5,1,0,0,S,Brentford,0,0.9007361251860857,1.4272267371416092,0.9613644033670425
6532,Martin Dubravka,34,3060,0,0,0,0,0,0,1,0,GK,Burnley,0,0,2.7066939380019903,2.7066939380019903
6630,Joe Willock,20,694,0,0.947976479306817,1,1.3319695387035608,10,10,3,0,M S,Newcastle United,0,0.947976479306817,2.744854237884283,1.6844767220318317
6665,Curtis Jones,29,1460,0,1.7071548094972968,1,2.2852688562124968,19,19,1,0,D M S,Liverpool,0,1.7071548094972968,8.7514538038522,6.447624750435352
6674,Rayan Ait Nouri,15,881,0,0.4449732881039381,2,1.5047449823468924,8,10,2,0,D S,Manchester City,0,0.4449732881039381,6.996271787211299,6.434507254511118
6756,Dwight McNeil,20,1117,0,1.4290371015667915,1,1.4597698152065277,23,13,1,0,F M S,Everton,0,1.4290371015667915,4.286078460514545,2.359806075692177
6816,Jean-Clair Todibo,20,1711,0,0.6560113653540611,1,0.3799619134515524,2,5,4,1,D,West Ham,0,0.6560113653540611,1.641976846382022,1.4169618915766478
6852,Matt Doherty,10,732,0,0.08226848393678665,0,0.17279621958732605,3,3,4,0,D,Wolverhampton Wanderers,0,0.08226848393678665,0.3009897619485855,0.12819353491067886
6885,Axel Disasi,9,810,0,1.0807171128690243,0,0.023904647678136826,5,1,0,0,D,West Ham,0,1.0807171128690243,2.125812305137515,1.8234535213559866
6903,Matz Sels,26,2222,0,0,0,0,0,0,2,0,GK S,Nottingham Forest,0,0,2.185628759674728,2.185628759674728
6935,Naif Aguerd,2,180,0,0.0885777547955513,0,0,2,0,0,0,D,West Ham,0,0.0885777547955513,0.13815459609031677,0.13815459609031677
6986,Hamed Junior Traore,1,13,0,0,1,0.09559009969234467,0,1,0,0,S,Bournemouth,0,0,0.09559009969234467,0
7075,Borna Sosa,6,48,0,0,0,0.05682658404111862,0,1,0,0,S,Crystal Palace,0,0,0.42587684839963913,0.3690502643585205
7083,Christian Nørgaard,6,44,0,0.048741746693849564,0,0,1,0,0,0,S,Arsenal,0,0.048741746693849564,0.5345648117363453,0.4858230650424957
7240,Benoit Badiashile Mukinayi,8,478,0,0,0,0,0,0,2,0,D S,Chelsea,0,0,1.0458098985254765,1.0458098985254765
7268,Bafode Diakite,18,1276,0,0.013867756351828575,0,0.08456607162952423,1,2,1,0,D S,Bournemouth,0,0.013867756351828575,3.9265325367450714,3.8777282163500786
7298,Ben White,9,499,0,0.28292371705174446,1,1.1656691394746304,5,7,0,0,D S,Arsenal,0,0.28292371705174446,3.125411171466112,2.2197470478713512
7332,Max Kilman,21,1552,0,1.1671122973784804,0,0.20770752429962158,7,4,4,0,D S,West Ham,0,1.1671122973784804,1.233875660225749,1.128087779507041
7382,Dan Burn,24,1834,0,0.7590917330235243,2,0.36288652662187815,6,6,7,1,D S,Newcastle United,0,0.7590917330235243,2.6578308641910553,2.4936317279934883
7432,Reinildo,20,1587,0,0.1700047692283988,1,0.2704141438007355,4,5,7,1,D S,Sunderland,0,0.1700047692283988,2.8325004912912846,2.616436880081892
7546,Harvey Elliott,5,110,0,0.2895753085613251,0,0.09384871274232864,5,1,0,0,M S,"Aston Villa,Liverpool",0,0.2895753085613251,0.7380336094647646,0.41253812797367573
7589,Wesley Fofana,22,1508,0,0.5401721596717834,1,0.658527560532093,8,3,5,1,D S,Chelsea,0,0.5401721596717834,7.746617313474417,7.716001685708761
7702,Dean Henderson,31,2790,0,0,0,0.015475641936063766,0,1,3,0,GK,Crystal Palace,0,0,3.150912906974554,3.150912906974554
7726,Ezri Konsa Ngoyo,31,2766,0,1.0740509293973446,0,0.6014871783554554,11,5,0,1,D,Aston Villa,0,1.0740509293973446,8.286061275750399,7.763534117490053
7791,Sebastiaan Bornauw,9,316,0,0,0,0,0,0,1,0,D S,Leeds,0,0,0.39773938059806824,0.39773938059806824
7904,Caoimhin Kelleher,32,2880,0,0,0,0.10640144906938076,0,2,1,0,GK,Brentford,0,0,5.235898090526462,5.129496648907661
7943,Igor Julio,4,94,0,0,0,0.018099337816238403,0,1,0,0,D S,West Ham,0,0,0.06989672780036926,0.06989672780036926
7958,Sandro Tonali,31,2260,0,1.3091720221564174,2,2.8727072570472956,30,27,3,0,M S,Newcastle United,0,1.3091720221564174,8.436581321060658,6.650444395840168
8000,Ilia Gruev,23,1310,0,0.7337606139481068,3,1.4936000779271126,7,11,3,0,M S,Leeds,0,0.7337606139481068,3.584418125450611,2.230386760085821
8056,Arnaud Kalimuendo Muinga,9,75,0,0.25108829140663147,0,0.011348750442266464,4,1,0,0,S,Nottingham Forest,0,0.25108829140663147,0.31318918243050575,0.06210089102387428
8267,Guido Rodríguez,6,159,0,0.024249104782938957,0,0,1,0,1,0,M S,West Ham,0,0.024249104782938957,0.32244982570409775,0.29820071905851364
8285,Sander Berge,32,2705,0,1.032816007733345,1,1.6893786350265145,10,17,5,0,M S,Fulham,0,1.032816007733345,9.47290202230215,7.972112700343132
8351,Ki-Jana Hoever,8,437,0,0.00923213642090559,0,0.33877117466181517,1,5,0,0,D S,Wolverhampton Wanderers,0,0.00923213642090559,1.378377165645361,1.0303738564252853
8401,Luca Netz,2,45,0,0,0,0,0,0,0,0,S,Nottingham Forest,0,0,1.1858215630054474,1.1858215630054474
8489,Jorge Cuenca,14,948,0,0.050821494311094284,0,0.5158752724528313,1,3,5,0,D S,Fulham,0,0.050821494311094284,2.2441382743418217,2.2441382743418217
8537,Dennis Cirkin,7,298,0,0.06635839492082596,0,0,1,0,1,0,D S,Sunderland,0,0.06635839492082596,0.5310255736112595,0.4646671786904335
8717,Pascal Struijk,31,2701,0,2.860883029177785,1,1.093722109682858,29,12,4,0,D S,Leeds,0,2.860883029177785,6.186623911373317,5.289037529379129
8720,Jack Harrison,11,232,0,0.43386831134557724,0,0.3380284607410431,6,1,0,0,F S,Leeds,0,0.43386831134557724,1.0663754409179091,0.32905645575374365
8786,Stefan Ortega Moreno,3,270,0,0,0,0,0,0,0,0,GK,Nottingham Forest,0,0,0.12923066318035126,0.12923066318035126
8808,Wataru Endo,8,162,0,0.06196111440658569,1,0.13890482485294342,1,1,1,0,D S,Liverpool,0,0.06196111440658569,0.9600183218717575,0.7591523677110672
8812,Sasa Kalajdzic,1,11,0,0,0,0,0,0,0,0,S,Wolverhampton Wanderers,0,0,0,0
8831,Iyenoma Destiny Udogie,16,1004,0,0.17199858743697405,1,1.0415826831012964,3,10,3,0,D S,Tottenham,0,0.17199858743697405,4.9329833667725325,4.1157793793827295
8858,Guglielmo Vicario,31,2790,0,0,0,0.07186521589756012,0,1,1,0,GK,Tottenham,0,0,3.5112377842888236,3.4393725832924247
8920,Dilane Bakwa,11,381,0,0.6827503144741058,1,0.7892037555575371,8,8,1,0,M S,Nottingham Forest,0,0.6827503144741058,1.85399816557765,1.0554209612309933
8940,Antonee Robinson,17,1116,0,0.13459945935755968,0,0.9180508479475975,2,18,3,0,D S,Fulham,0,0.13459945935755968,3.888023667037487,3.3552243635058403
8942,Aaron Hickey,18,577,0,0.5347226746380329,0,0.6038424372673035,5,1,1,0,D S,Brentford,0,0.5347226746380329,2.5834841448813677,2.1358212772756815
8969,Florentino Luís,27,1862,0,0.9616657514125109,2,0.48562011681497097,10,10,6,0,M S,Burnley,0,0.9616657514125109,3.9581482987850904,3.2706595743075013
9040,Conor Gallagher,11,782,0,1.0588411651551723,1,0.7461312040686607,6,9,0,0,M S,Tottenham,0,1.0588411651551723,2.950994912534952,1.8698021434247494
9077,James Trafford,3,270,0,0,0,0,0,0,0,0,GK,Manchester City,0,0,1.4181099254637957,1.4181099254637957
9098,Robert Sánchez,32,2794,0,0,1,0.8848487213253975,0,5,4,1,GK,Chelsea,0,0,9.886631703004241,9.001782981678843
9105,Radu Dragusin,8,511,0,0.2077605351805687,0,0,4,0,0,0,D S,Tottenham,0,0.2077605351805687,0.8118065074086189,0.8118065074086189
9272,Filip Jorgensen,3,265,0,0,0,0,0,0,0,0,GK S,Chelsea,0,0,1.2539185211062431,1.2539185211062431
9328,Jeremie Frimpong,17,818,0,0.4066029079258442,1,2.353353440761566,8,14,1,0,D M S,Liverpool,0,0.4066029079258442,5.093290027230978,3.6476823333650827
9332,Dane Scarlett,2,4,0,0,0,0,0,0,0,0,S,Tottenham,0,0,0.05061304196715355,0.05061304196715355
9487,Maxime Estève,31,2682,0,0.4516084846109152,0,0.7021042061969638,10,6,1,0,D,Burnley,0,0.4516084846109152,3.8828043499961495,3.7343897903338075
9512,Valentino Livramento,17,1323,0,0.15228571370244026,1,0.6162818782031536,3,10,1,0,D S,Newcastle United,0,0.15228571370244026,6.227930787950754,5.61184873059392
9524,Anthony Elanga,29,1267,0,1.3304177578538656,1,1.7495205141603947,16,15,0,0,F M S,Newcastle United,0,1.3304177578538656,4.059074118733406,1.7364164628088474
9554,Tim Iroegbunam,24,1127,0,0.3738285331055522,2,1.818956308066845,9,6,8,0,M S,Everton,0,0.3738285331055522,3.296578135341406,1.816684927791357
9614,Marco Bizot,6,493,0,0,0,0,0,0,1,0,GK S,Aston Villa,0,0,1.0298098511993885,1.0298098511993885
9676,David Raya,33,2970,0,0,0,0.1493939720094204,0,3,1,0,GK,Arsenal,0,0,6.034865293651819,5.943874072283506
9677,Kristoffer Ajer,24,1626,0,1.053914662450552,1,0.9042857214808464,10,5,3,0,D S,Brentford,0,1.053914662450552,5.491811184212565,3.8735721353441477
9678,Ethan Pinnock,4,330,0,0.009195007383823395,0,0,1,0,1,0,D,Brentford,0,0.009195007383823395,0.10905151441693306,0.10905151441693306
9679,Rico Henry,25,1315,0,0.14565920177847147,1,0.31617192178964615,5,4,2,0,D S,Brentford,0,0.14565920177847147,2.418498318642378,2.231708014383912
9681,Frank Onyeka,6,68,0,0,1,0.3706037104129791,0,1,0,0,S,Brentford,0,0,0.3706037104129791,0.3706037104129791
9693,Giorgi Mamardashvili,8,690,0,0,0,0,0,0,0,0,GK,Liverpool,0,0,2.2863197792321444,2.2863197792321444
9740,José Sá,20,1800,0,0,0,0.08312523365020752,0,1,2,0,GK,Wolverhampton Wanderers,0,0,0.6139764115214348,0.5308511778712273
9944,Gabriel Gudmundsson,32,2657,0,0.8777289493009448,0,3.1013932153582573,18,21,4,1,D M S,Leeds,0,0.8777289493009448,6.76558150164783,4.2711070496588945
9958,Yerson Mosquera,23,1794,0,2.182711608707905,0,1.2027571620419621,22,11,11,0,D S,Wolverhampton Wanderers,0,2.182711608707905,4.918527061119676,2.943933306261897
10004,Romeo Lavia,11,294,0,0.25556088238954544,0,0.41531437635421753,2,1,0,0,M S,Chelsea,0,0.25556088238954544,3.2352468110620975,3.2084348537027836
10024,Cristhian Mosquera,16,752,0,0.08585410565137863,0,0.1646239385008812,1,3,3,0,D S,Arsenal,0,0.08585410565137863,3.5785193368792534,3.488348200917244
10025,Lamare Bogarde,24,763,0,0,0,0.04115242511034012,0,2,5,0,D M S,Aston Villa,0,0,1.80983617156744,1.7686837539076805
10120,Conor Bradley,15,962,0,0.21982916723936796,1,1.1937107481062412,6,4,5,0,D S,Liverpool,0,0.21982916723936796,3.412436105310917,2.4054819140583277
10126,James McAtee,10,155,0,0.01315337885171175,0,0.2934955358505249,1,3,1,0,M S,Nottingham Forest,0,0.01315337885171175,0.33312509674578905,0.03962956089526415
10169,Diego Coppola,5,192,0,0,0,0,0,0,2,0,D S,Brighton,0,0,0.4860989674925804,0.4860989674925804
10205,Myles Peart-Harris,1,1,0,0,0,0,0,0,0,0,S,Brentford,0,0,0,0
10291,Vitalii Mykolenko,28,2513,0,0.2774586006999016,1,1.0271244905889034,9,19,5,0,D,Everton,0,0.2774586006999016,6.6850278824567795,5.717512307688594
10292,Nathan Patterson,6,240,0,0.1701965481042862,0,0,1,0,0,0,D S,Everton,0,0.1701965481042862,0.7384375408291817,0.5682409927248955
10293,Toti,15,1153,0,0.47234678361564875,0,0.10832525044679642,4,5,2,1,D S,Wolverhampton Wanderers,0,0.47234678361564875,1.5111208287999034,1.3752927761524916
10527,Carlos Baleba,27,1420,0,0.388982773758471,0,0.6369996331632137,15,5,5,0,M S,Brighton,0,0.388982773758471,4.5261895982548594,3.6123671708628535
10542,Jamie Bynoe-Gittens,16,455,0,0.8924727980047464,2,0.978217288851738,10,9,0,0,M S,Chelsea,0,0.8924727980047464,2.936161085963249,1.3098940197378397
10564,Leny Yoro,29,1707,0,1.2473983131349087,0,0.2197452150285244,9,4,1,0,D S,Manchester United,0,1.2473983131349087,4.670362060889602,4.4985275361686945
10586,Tyler Dibling,14,337,0,0.13778147101402283,0,0.21320436522364616,4,4,2,0,M S,Everton,0,0.13778147101402283,0.8644972424954176,0.634521609172225
10696,Noussair Mazraoui,17,781,0,0.19680644385516644,0,0.07619490846991539,5,2,3,0,D S,Manchester United,0,0.19680644385516644,4.387613967061043,4.245001167058945
10721,Sepp van den Berg,28,2484,0,3.0898983497172594,1,1.5950283780694008,20,6,1,0,D S,Brentford,0,3.0898983497172594,6.935782944783568,5.3748370092362165
10747,James Hill,25,1740,0,0.839532008394599,3,1.2236353028565645,11,10,3,0,D S,Bournemouth,0,0.839532008394599,5.870636726729572,5.550357500091195
10756,Joe Worrall,11,478,0,0.03810013830661774,0,0,1,0,0,0,D S,Burnley,0,0.03810013830661774,0.5445791333913803,0.5064789950847626
10764,Djed Spence,25,1843,0,1.0807367134839296,0,1.8603137182071805,11,10,4,0,D S,Tottenham,0,1.0807367134839296,5.642359878867865,3.065219447016716
10802,Lisandro Martínez,15,947,0,0.05390207935124636,0,0.4361163191497326,4,4,0,1,D S,Manchester United,0,0.05390207935124636,5.1578133180737495,5.064821973443031
10803,Tyrell Malacia,2,2,0,0,0,0,0,0,0,0,S,Manchester United,0,0,0.05225421115756035,0.05225421115756035
10822,Wilson Odobert,24,946,0,2.460178238339722,2,1.9524234533309937,21,20,0,0,F M S,Tottenham,0,2.460178238339722,5.9682222586125135,2.8834201879799366
10847,Rico Lewis,10,299,0,0.07378528267145157,1,1.4945278838276863,2,6,1,0,D S,Manchester City,0,0.07378528267145157,2.6490715742111206,1.2449853271245956
10856,Emmanuel Agbadou,14,1093,0,0.44676383305341005,0,0.1717668529599905,10,4,1,1,D S,Wolverhampton Wanderers,0,0.44676383305341005,1.6553496047854424,1.543709209188819
10864,Marcos Senesi,33,2938,0,1.850691837258637,5,3.9820083593949676,16,23,8,0,D,Bournemouth,0,1.850691837258637,12.20850692037493,8.893638078123331
11003,Ryan Yates,18,377,0,0.37802740186452866,2,0.18716070242226124,5,4,1,0,M S,Nottingham Forest,0,0.37802740186452866,1.84213025867939,1.5310822576284409
11033,Kaden Rodney,1,1,0,0,0,0,0,0,0,0,S,Crystal Palace,0,0,0,0
11132,Ethan Nwaneri,6,154,0,0.3292111651971936,0,0.048408184200525284,6,1,0,0,S,Arsenal,0,0.3292111651971936,1.166222719475627,0.9847383946180344
11155,Wilfried Gnonto,19,420,0,0.4051654562354088,1,1.2272425219416618,9,7,3,0,F S,Leeds,0,0.4051654562354088,2.8270123414695263,1.2366269938647747
11167,Chadi Riad,6,314,0,0.13591536600142717,1,0.42769163846969604,2,1,2,0,D S,Crystal Palace,0,0.13591536600142717,0.7873845249414444,0.7873845249414444
11174,Kobbie Mainoo,23,1173,0,0.17940098699182272,2,0.598043785430491,8,17,1,0,M S,Manchester United,0,0.17940098699182272,5.605078909546137,5.1746072340756655
11231,Ben Doak,6,52,0,0.08515836298465729,1,0.45716217160224915,1,1,0,0,S,Bournemouth,0,0.08515836298465729,1.4128027111291885,0.8704821839928627
11243,Bashir Humphreys,17,1412,0,0.465192461386323,0,0.8644249252974987,8,9,5,0,D S,Burnley,0,0.465192461386323,2.9444956155493855,2.601453968323767
11253,Mamadou Sarr,2,91,0,0.5694634318351746,0,0,1,0,0,0,D S,Chelsea,0,0.5694634318351746,0.23050860315561295,0.23050860315561295
11297,Carlos Alcaraz,16,675,0,0.9294976545497775,1,1.21384940110147,18,9,3,0,M S,Everton,0,0.9294976545497775,2.604523872025311,1.3459198297932744
11331,Merlin Röhl,12,322,0,0.3806900344789028,0,0.2557048462331295,7,5,0,0,M S,Everton,0,0.3806900344789028,0.9362909588962793,0.392738439142704
11361,Daniel Bentley,1,90,0,0,0,0,0,0,0,0,GK,Wolverhampton Wanderers,0,0,0.03581976890563965,0.03581976890563965
11362,Facundo Buonanotte,3,67,0,0.04432953521609306,0,0.1689806431531906,1,2,1,0,M S,"Chelsea,Leeds",0,0.04432953521609306,0.26421641558408737,0.2198868803679943
11461,Romaine Mundle,14,370,0,0.673394400626421,0,0.017134571447968483,7,1,1,0,M S,Sunderland,0,0.673394400626421,1.284482665359974,0.6110882572829723
11633,Marc Guiu,10,250,0,2.5071037635207176,1,0.7587333768606186,13,3,1,0,F S,"Chelsea,Sunderland",0,2.5071037635207176,3.2784729823470116,0.12257947772741318
11704,Hjalmar Ekdal,18,1455,0,0.6082124067470431,0,0.15541658364236355,6,3,0,0,D S,Burnley,0,0.6082124067470431,2.506195120513439,2.394203182309866
11711,Bart Verbruggen,34,3060,0,0,0,0.07646425813436508,0,1,3,0,GK,Brighton,0,0,6.981857614591718,6.981857614591718
11735,Sávio,20,579,0,2.543069673702121,1,0.6098880097270012,14,6,2,0,M S,Manchester City,0,2.543069673702121,4.374838788062334,2.26773114874959
11763,Abduqodir Khusanov,18,1151,0,0.6289969347417355,0,0.5715384930372238,4,6,2,0,D S,Manchester City,0,0.6289969347417355,5.669487159699202,5.205965708941221
11766,Manuel Ugarte,22,850,0,0.8379190387204289,0,0.12879487127065659,13,3,1,0,M S,Manchester United,0,0.8379190387204289,3.852708961814642,3.154600067064166
11807,Ian Maatsen,26,1328,0,1.2277904879301786,1,2.4436391945928335,18,21,2,0,D S,Aston Villa,0,1.2277904879301786,4.75212637335062,3.492557179182768
11808,Andrey Santos,24,1045,0,1.88947768881917,0,0.6883775070309639,9,8,4,0,M S,Chelsea,0,1.88947768881917,5.170048452913761,3.850206922739744
11824,Lucas Pires,16,1097,0,0.4762053117156029,0,1.3178928308188915,11,16,0,1,D S,Burnley,0,0.4762053117156029,2.931411426514387,1.985164844430983
11903,Oscar Bobb,18,830,0,1.1815883684903383,1,1.5335183702409267,9,17,1,0,F M S,"Fulham,Manchester City",0,1.1815883684903383,4.747899923473597,3.1430453695356846
12014,Jake O&#039;Brien,32,2743,0,0.6479107886552811,1,0.6334359925240278,10,14,2,1,D S,Everton,0,0.6479107886552811,5.603738381527364,4.806806690990925
12032,Djordje Petrovic,34,3060,0,0,0,0,0,0,3,0,GK,Bournemouth,0,0,2.4226465951651335,2.4226465951651335
12054,Altay Bayindir,6,540,0,0,0,0.2939172387123108,0,1,0,0,GK,Manchester United,0,0,1.0489089861512184,0.7549917474389076
12094,Mike Trésor,6,25,0,0,0,0,0,0,0,0,S,Burnley,0,0,0.027223162353038788,0.027223162353038788
12113,Jackson Tchatchoua,30,1821,0,0.10550510138273239,1,2.24295702483505,3,21,3,0,D S,Wolverhampton Wanderers,0,0.10550510138273239,6.013468329794705,4.150808436796069
12199,Alex Murphy,1,1,0,0,0,0,0,0,0,0,S,Newcastle United,0,0,0,0
12203,Treymaurice Nyoni,5,9,0,0.4788391590118408,0,0.04941660165786743,1,1,0,0,S,Liverpool,0,0.4788391590118408,0.6415212154388428,0.11326546967029572
12234,Tawanda Chirewa,2,20,0,0,0,0,0,0,0,0,S,Wolverhampton Wanderers,0,0,0,0
12272,Myles Lewis-Skelly,15,375,0,0.12569395825266838,0,0.12228979542851448,2,3,3,0,D S,Arsenal,0,0.12569395825266838,1.1854961551725864,1.0266076475381851
12358,Oliver Scarles,12,664,0,0.23875021189451218,0,0.9672641232609749,3,4,1,0,D S,West Ham,0,0.23875021189451218,1.5808512102812529,0.6791210677474737
12359,Callum Marshall,2,44,0,0.2289344072341919,0,0,1,0,0,0,S,West Ham,0,0.2289344072341919,0,0
12369,Lucas Perri,16,1440,0,0,0,0,0,0,2,0,GK,Leeds,0,0,2.474491350352764,2.474491350352764
12409,Adam Wharton,28,2240,0,0.9826451102271676,5,4.880828585475683,26,32,4,1,M S,Crystal Palace,0,0.9826451102271676,11.654135275632143,8.625732477754354
12474,George Earthy,1,7,0,0,0,0,0,0,0,0,S,West Ham,0,0,0,0
12573,Tyrique George,11,258,0,0.7280093356966972,0,0,7,0,2,0,M S,"Chelsea,Everton",0,0.7280093356966972,0.6836913377046585,0.4123904649168253
12595,Hákon Valdimarsson,1,90,0,0,0,0,0,0,0,0,GK,Brentford,0,0,0.21266940236091614,0.21266940236091614
12726,Christantus Uche,14,109,0,0.7797833420336246,0,0,6,0,0,0,S,Crystal Palace,0,0.7797833420336246,0.7532306127250195,0.03355732560157776
12757,Harrison Armstrong,11,496,0,0.43910516798496246,0,0.12138871103525162,5,4,0,0,M S,Everton,0,0.43910516798496246,1.5633678585290909,1.3058937191963196
12766,Jota Silva,1,7,0,0,0,0,0,0,0,0,S,Nottingham Forest,0,0,0,0
12774,Andy Irving,7,178,0,0,0,0.20211828127503395,0,3,0,0,M S,West Ham,0,0,0.17365871742367744,0.1385073959827423
12910,Mads Hermansen,13,1170,0,0,0,0.02397770620882511,0,1,0,0,GK,West Ham,0,0,1.5305252112448215,1.506547499448061
13026,Luis Guilherme,5,118,0,0.039350125938653946,0,0.05179738998413086,1,1,0,0,F S,West Ham,0,0.039350125938653946,0.0911475159227848,0
13064,Lutsharel Geertruida,25,1389,0,0.6872561611235142,0,0.7576147364452481,8,7,1,0,D M S,Sunderland,0,0.6872561611235142,3.527359578758478,2.3528680820018053
13068,Morato,16,936,0,1.401793820783496,0,0.013815321959555149,4,1,4,0,D S,Nottingham Forest,0,1.401793820783496,2.6422858498990536,2.0910839401185513
13080,Ayden Heaven,15,743,0,0.21505310852080584,1,0.365470789372921,3,2,2,0,D S,Manchester United,0,0.21505310852080584,3.6749197635799646,3.2206651363521814
13091,Jaydee Canvot,15,884,0,1.2119512762874365,0,0.06188280042260885,5,2,2,0,D S,Crystal Palace,0,1.2119512762874365,2.480995095334947,2.470842257142067
13094,Dário Essugo,2,23,0,0,0,0,0,0,1,0,S,Chelsea,0,0,0.43163326010107994,0.43163326010107994
13150,Jack Fletcher,3,97,0,0.037386249750852585,0,0.11487564817070961,1,2,0,0,S,Manchester United,0,0.037386249750852585,0.26276974007487297,0.14789408445358276
13156,Pedro Lima,4,44,0,0.03581976890563965,0,0,1,0,0,0,S,Wolverhampton Wanderers,0,0.03581976890563965,0.114302858710289,0.07848309725522995
13200,Fernando López,9,211,0,0.21815450862050056,1,0.5119961202144623,5,3,1,0,M S,Wolverhampton Wanderers,0,0.21815450862050056,0.8440351467579603,0.22909747064113617
13224,Callum Olusesi,1,12,0,0,0,0,0,0,0,0,S,Tottenham,0,0,0,0
13242,Ben Winterburn,1,3,0,0,0,0,0,0,0,0,S,Bournemouth,0,0,0,0
13247,Ezra Mayers,6,96,0,0.10989412665367126,0,0.11634047329425812,1,2,0,0,S,West Ham,0,0.10989412665367126,0.39119094237685204,0.16495634242892265
13262,Jonah Kusi-Asare,5,19,0,0,0,0.081977978348732,0,1,1,0,S,Fulham,0,0,0.081977978348732,0
13298,Max Alleyne,2,138,0,0.38138192892074585,0,0.032163284718990326,2,1,0,0,D,Manchester City,0,0.38138192892074585,0.3675581216812134,0.3675581216812134
13306,Zach Abbott,2,117,0,0,0,0,0,0,0,0,D S,Nottingham Forest,0,0,0.07999436557292938,0.07999436557292938
13310,Jamaldeen Jimoh,1,5,0,0,0,0,0,0,0,0,S,Aston Villa,0,0,0.3433566093444824,0.3433566093444824
13348,Antonín Kinsky,2,180,0,0,0,0,0,0,0,0,GK,Tottenham,0,0,0.03264720365405083,0.03264720365405083
13387,Romain Esse,4,29,0,0,0,0,0,0,0,0,S,Crystal Palace,0,0,0,0
13392,Andrés García,5,33,0,0,0,0,0,0,0,0,S,Aston Villa,0,0,0.43621760606765747,0.43621760606765747
13399,Joe Knight,1,1,0,0,0,0,0,0,0,0,S,Brighton,0,0,0,0
13467,Tyler Fredricson,1,1,0,0,0,0,0,0,0,0,S,Manchester United,0,0,0,0
13474,Julio Soler,3,27,0,0,0,0,0,0,0,0,S,Bournemouth,0,0,0.06438634544610977,0.06438634544610977
13584,Harry Howell,3,91,0,0,0,0,0,0,0,0,M S,Brighton,0,0,0,0
13712,Robin Roefs,30,2700,0,0,0,0.7053439579904079,0,4,3,0,GK,Sunderland,0,0,3.0517135746777058,2.3463695980608463
13714,Jenson Seelt,2,135,0,0,0,0,0,0,0,0,D S,Sunderland,0,0,0.30460771918296814,0.30460771918296814
13716,Noah Sadiki,28,2488,0,0.9106658129021525,1,0.6134610045701265,15,14,8,0,M,Sunderland,0,0.9106658129021525,6.451346945017576,5.399033737368882
13720,Dan Neil,3,13,0,0,0,0,0,0,0,0,S,Sunderland,0,0,0,0
13723,El Hadji Malick Diouf,27,2274,0,0.4977599121630192,5,2.694882339797914,16,19,5,0,D M S,West Ham,0,0.4977599121630192,4.69511425960809,3.186751125380397
13724,Freddie Potts,21,1142,0,0.21263288706541061,1,1.2075103465467691,3,8,1,0,M S,West Ham,0,0.21263288706541061,2.582863235846162,1.6829045936465263
13727,Quilindschy Hartman,20,1777,0,0.377465664409101,5,2.790129487402737,9,20,1,0,D,Burnley,0,0.377465664409101,5.2197180688381195,4.059782803058624
13740,David Møller Wolfe,18,842,0,0.08255818113684654,2,1.2312744036316872,3,7,1,0,D S,Wolverhampton Wanderers,0,0.08255818113684654,1.6957409083843231,1.2027955185621977
13776,Jorrel Hato,19,895,0,0.33830922096967697,0,0.6700731590390205,4,7,5,0,D S,Chelsea,0,0.33830922096967697,5.642788980156183,5.287518430501223
13779,Jair,4,261,0,0.1381586492061615,0,0,2,0,0,0,D S,Nottingham Forest,0,0.1381586492061615,0.2834066320210695,0.14524799026548862
13780,Antoni Milambo,1,50,0,0,0,0,0,0,0,0,M,Brentford,0,0,0.043761223554611206,0.043761223554611206
13835,Joël Piroe,14,191,0,0.9712987393140793,0,0.08580565452575684,11,1,0,0,F S,Leeds,0,0.9712987393140793,1.1191052626818419,0.21693582646548748
13870,Bradley Burrowes,1,12,0,0,0,0,0,0,0,0,S,Aston Villa,0,0,0,0
14017,John Victor,5,440,0,0,0,0,0,0,1,0,GK,Nottingham Forest,0,0,0.8475470691919327,0.8475470691919327
14027,Veljko Milosavljevic,7,363,0,0.357437402009964,0,0.06701014190912247,1,1,0,0,D S,Bournemouth,0,0.357437402009964,0.45751750841736794,0.39050735905766487
14029,Tom Watson,6,44,0,0.024704832583665848,0,0,1,0,1,0,S,Brighton,0,0.024704832583665848,0.024704832583665848,0
14055,Divine Mukasa,2,21,0,0,0,0.21173159405589104,0,2,0,0,S,Manchester City,0,0,0.7216724120080471,0.5099408626556396
14056,Senne Lammens,27,2430,0,0,0,0,0,0,0,0,GK,Manchester United,0,0,2.97742398455739,2.97742398455739
14099,Luke O&#039;Nien,10,398,0,0.03503738343715668,0,0,1,0,1,1,D S,Sunderland,0,0.03503738343715668,0.9694604426622391,0.9344230443239212
14127,Nehemiah Oriola,1,1,0,0,0,0,0,0,0,0,S,Brighton,0,0,0,0
14134,Jun&#039;ai Byfield,1,1,0,0,0,0,0,0,0,0,S,Tottenham,0,0,0,0
14176,James Rowswell,1,1,0,0,0,0,0,0,0,0,S,Tottenham,0,0,0,0
14193,George Hemmings,2,19,0,0.01938827894628048,0,0,1,0,0,0,S,Aston Villa,0,0.01938827894628048,0.3816603980958462,0.36227211728692055
14198,Shea Lacey,2,6,0,0.05930102616548538,0,0,3,0,0,0,S,Manchester United,0,0.05930102616548538,0.1093531921505928,0.05005216225981712
14217,Romelle Donovan,4,23,0,0.10470368713140488,0,0.032033760100603104,3,1,0,0,S,Brentford,0,0.10470368713140488,0.10470368713140488,0
14219,Mohamadou Kanté,9,22,0,0.10307430103421211,0,0.10989412665367126,2,1,1,0,S,West Ham,0,0.10307430103421211,0.32195277139544487,0.10898434370756149
14263,Joél Drakes-Thomas,2,2,0,0,0,0,0,0,0,0,S,Crystal Palace,0,0,0.3753929138183594,0.3753929138183594
14266,Bendito Mantato,1,14,0,0,0,0.03647809848189354,0,1,0,0,S,Manchester United,0,0,0.12379638105630875,0.12379638105630875
14272,Tyler Fletcher,1,1,0,0,0,0,0,0,0,0,S,Manchester United,0,0,0,0
14281,Jaydon Banel,1,7,0,0,0,0,0,0,0,0,S,Burnley,0,0,0,0
14290,Pablo,9,580,0,0.8333007134497166,1,0.4720449261367321,8,6,0,0,F M S,West Ham,0,0.8333007134497166,1.6965543068945408,0.4046263936907053
14374,Alex Tóth,7,74,0,0.09959147125482559,0,0.25035444647073746,1,3,1,0,M S,Bournemouth,0,0.09959147125482559,1.12132428586483,0.77137840539217
14410,Souza,4,136,0,0.011544901877641678,0,0.20236201584339142,1,3,1,0,D M S,Tottenham,0,0.011544901877641678,0.5580052882432938,0.3744830936193466
14424,Nilson Angulo,5,261,0,0.558087632060051,0,0.03542923741042614,3,2,0,0,M S,Sunderland,0,0.558087632060051,0.48231934010982513,0.11521743983030319
14425,Melker Ellborg,3,270,0,0,0,0,0,0,0,0,GK,Sunderland,0,0,0.10129684954881668,0.10129684954881668
14446,Alysson Edward,3,34,0,0.05279543623328209,0,0,1,0,0,0,S,Aston Villa,0,0.05279543623328209,0.1039408203214407,0.05114538408815861
14460,Djiamgone Jocelin Ta Bi,1,38,0,0,0,0,0,0,0,0,M,Sunderland,0,0,0,0
